OPEN 6.2.5,,,,,,,,,,,,,,,,,,,,,,,,,,,,,,,,,,,,,,,,,,,,,,,,,,,,,,,
Tue May  3 2016 10:55:42,,,,,,,,,,,,,,,,,,,,,,,,,,,,,,,,,,,,,,,,,,,,,,,,,,,,,,,
Unit=,PSC-3679,,,,,,,,,,,,,,,,,,,,,,,,,,,,,,,,,,,,,,,,,,,,,,,,,,,,,,
LightSource=,Sun+Sky,1,0.189999998,,,,,,,,,,,,,,,,,,,,,,,,,,,,,,,,,,,,,,,,,,,,,,,,,,,,
A/D AvgTime=,4,,,,,,,,,,,,,,,,,,,,,,,,,,,,,,,,,,,,,,,,,,,,,,,,,,,,,,
Config=,/User/Configs/UserPrefs/sun+sky.xml,,,,,,,,,,,,,,,,,,,,,,,,,,,,,,,,,,,,,,,,,,,,,,,,,,,,,,
Remark=,plant c,,,,,,,,,,,,,,,,,,,,,,,,,,,,,,,,,,,,,,,,,,,,,,,,,,,,,,
,,,,,,,,,,,,,,,,,,,,,,,,,,,,,,,,,,,,,,,,,,,,,,,,,,,,,,,
Obs,HHMMSS,FTime,EBal?,Photo,Cond,Ci,Trmmol,VpdL,CTleaf,Area,BLC_1,StmRat,BLCond,Tair,Tleaf,TBlk,CO2R,CO2S,H2OR,H2OS,RH_R,RH_S,Flow,PARi,PARo,Press,CsMch,HsMch,StableF,BLCslope,BLCoffst,f_parin,f_parout,alphaK,Status,fda,Trans,Tair_K,Twall_K,R(W/m2),Tl-Ta,SVTleaf,h2o_i,h20diff,CTair,SVTair,CndTotal,vp_kPa,VpdA,CndCO2,Ci_Pa,Ci/Ca,RHsfc,C2sfc,AHs/Cs
in,in,in,in,out,out,out,out,out,out,in,out,in,out,in,in,in,in,in,in,in,in,in,in,in,in,in,in,in,in,in,in,in,in,in,in,out,out,out,out,out,out,out,out,out,out,out,out,out,out,out,out,out,out,out,out
Remark=,"""10:56:05 Flow: Fixed -> 500 umol/s""
",,,,,,,,,,,,,,,,,,,,,,,,,,,,,,,,,,,,,,,,,,,,,,,,,,,,,,
Remark=,"""10:56:13 Launched AutoProg /User/Configs/AutoProgs/AutoLog""
",,,,,,,,,,,,,,,,,,,,,,,,,,,,,,,,,,,,,,,,,,,,,,,,,,,,,,
Remark=,"""10:56:16 CO2 Mixer: CO2R -> 400 uml""
",,,,,,,,,,,,,,,,,,,,,,,,,,,,,,,,,,,,,,,,,,,,,,,,,,,,,,
Remark=,"""10:56:16 Coolers: Tblock -> 26.00 C""
",,,,,,,,,,,,,,,,,,,,,,,,,,,,,,,,,,,,,,,,,,,,,,,,,,,,,,
Remark=,"""10:56:16 Flow: Fixed -> 500 umol/s""
",,,,,,,,,,,,,,,,,,,,,,,,,,,,,,,,,,,,,,,,,,,,,,,,,,,,,,
1,10:56:25,88.00000112,0,6.68434669,0.061797913,208.7872542,0.87999663,1.394877638,24.98022079,6,1.420000017,1,2.840000033,26.33791542,24.98022079,26.16340256,400.4818726,392.0473022,17.07291985,18.1097126,48.77772903,51.73987198,500.0382996,264.4856567,329.835907,98.34790802,-12.20593834,1.160438776,1,-0.219565243,2.737391472,1,0,0.189999998,111115,0.833397166,0.000879997,298.1302208,299.4879154,50.25227415,0.320516017,3.175929988,32.29280675,14.18309414,25.65906811,3.30678269,0.060481838,1.781052349,1.525730341,0.037917227,20.53378967,0.532556283,55.90377529,388.869884,0.009609389
2,11:06:16,679.9999879,0,6.739184903,0.055574006,186.6590272,0.878791848,1.544698345,25.74292755,6,1.420000017,1,2.840000033,26.33507347,25.74292755,26.16111374,399.8672485,391.368866,17.04668617,18.08200264,48.71763611,51.67646027,500.0798645,264.1677856,330.6599731,98.36140442,-12.20593834,1.160438776,1,-0.219565243,2.737391472,1,0,0.189999998,111115,0.833466441,0.000878792,298.8929276,299.4850735,50.19187864,0.216238486,3.323269519,33.78631627,15.70431363,26.03900051,3.382053366,0.054507388,1.778571174,1.603482192,0.034161367,18.36004406,0.476938876,53.1970234,388.1653802,0.009235872
Remark=,"""11:11:34 Flow: Fixed -> 500 umol/s""
",,,,,,,,,,,,,,,,,,,,,,,,,,,,,,,,,,,,,,,,,,,,,,,,,,,,,,
3,11:16:16,1279.999995,0,6.668523154,0.056543695,191.6549551,0.913693182,1.57859975,25.93453026,6,1.420000017,1,2.840000033,26.33415985,25.93453026,26.15878868,399.6629333,391.232605,17.04756737,18.12401772,48.72018433,51.79656982,500.0509644,264.74646,331.4035645,98.3561554,-12.15518761,1.193634272,1,-0.219565243,2.737391472,1,0,0.189999998,111115,0.833418274,0.000913693,299.0845303,299.4841599,50.30182676,0.173035603,3.361208453,34.17384951,16.04983179,26.13434505,3.401175881,0.055439901,1.782608703,1.618567178,0.034747445,18.85044455,0.4898747,52.71511967,388.0627084,0.009058639
4,11:26:16,1880.499982,0,6.450907702,0.055360679,194.0372031,0.909736734,1.604289743,26.08353424,6,1.420000017,1,2.840000033,26.33939362,26.08353424,26.16074944,399.5818787,391.4142151,17.09504509,18.16680145,48.83714294,51.89893723,500.0444641,264.8589783,331.4529724,98.34883118,-12.15518761,1.193634272,1,-0.219565243,2.737391472,1,0,0.189999998,111115,0.83340744,0.000909737,299.2335342,299.4893936,50.32320524,0.155697679,3.390973432,34.4790415,16.31224005,26.21146393,3.416712022,0.054302156,1.786683689,1.630028333,0.034032388,19.08333213,0.495733664,52.33943994,388.3477625,0.008694189
Remark=,"""11:26:34 Flow: Fixed -> 500 umol/s""
",,,,,,,,,,,,,,,,,,,,,,,,,,,,,,,,,,,,,,,,,,,,,,,,,,,,,,
5,11:36:17,2480.499988,0,6.083772654,0.049579102,184.8747613,0.823728012,1.618675794,26.1414547,6,1.420000017,1,2.840000033,26.33837891,26.1414547,26.15909195,399.6121216,391.9241333,17.1684761,18.13902664,49.04924393,51.82204437,499.99646,264.5106812,331.0064087,98.34760284,-11.50800133,1.087883234,0.666666687,-0.219565243,2.737391472,1,0,0.189999998,111115,0.833327433,0.000823728,299.2914547,299.4883789,50.25702879,0.191716834,3.402605582,34.59774802,16.45872138,26.2399168,3.422459685,0.048728429,1.783929788,1.638529897,0.03053057,18.1819896,0.471710583,51.97832016,389.0321992,0.008128486
Remark=,"""11:41:34 Flow: Fixed -> 500 umol/s""
",,,,,,,,,,,,,,,,,,,,,,,,,,,,,,,,,,,,,,,,,,,,,,,,,,,,,,
6,11:46:17,3079.999995,0,6.199821831,0.046698483,169.069735,0.780773253,1.626954185,26.11544228,6,1.420000017,1,2.840000033,26.33387947,26.11544228,26.16014099,399.8987122,392.0925293,17.0870285,18.00697136,48.81519699,51.44334412,500.0618591,264.5570679,331.156311,98.3187561,-11.53369713,1.041124582,1,-0.219565243,2.737391472,1,0,0.189999998,111115,0.833436432,0.000780773,299.2654423,299.4838795,50.26584226,0.217173984,3.397377211,34.55472125,16.54774989,26.22466087,3.419376841,0.045943036,1.770423025,1.648953816,0.028781327,16.62272604,0.431198562,51.61455302,389.1454309,0.008223173
7,11:56:17,3680.499982,0,6.093666552,0.046591246,172.5728753,0.780900506,1.63085191,26.14234734,6,1.420000017,1,2.840000033,26.34017754,26.14234734,26.16042519,400.1389771,392.4590149,17.10209084,18.02225876,48.84026337,51.46809006,500.0132446,264.3482971,330.7973022,98.31915283,-11.53369713,1.041124582,1,-0.219565243,2.737391472,1,0,0.189999998,111115,0.833355408,0.000780901,299.2923473,299.4901775,50.22617582,0.21381658,3.402785123,34.60958547,16.58732671,26.24126244,3.422731721,0.045839236,1.771933213,1.650798508,0.02871615,16.9672189,0.439722031,51.57217295,389.5623777,0.008067094
Remark=,"""11:56:35 Flow: Fixed -> 500 umol/s""
",,,,,,,,,,,,,,,,,,,,,,,,,,,,,,,,,,,,,,,,,,,,,,,,,,,,,,
8,12:06:17,4280.999988,0,6.165486436,0.047539461,174.2932548,0.791392298,1.619957154,26.1113987,6,1.420000017,1,2.840000033,26.33512878,26.1113987,26.16000175,400.2008667,392.4302063,17.14155769,18.07399178,48.95622253,51.61925125,500.0387878,264.5668335,331.1560364,98.29637909,-11.51389122,1.048101664,1,-0.219565243,2.737391472,1,0,0.189999998,111115,0.83339798,0.000791392,299.2613987,299.4851288,50.26769773,0.212381044,3.396565101,34.55432573,16.48033395,26.22326374,3.419094636,0.046756788,1.776607947,1.642486689,0.029292317,17.13239585,0.444138224,51.82351144,389.4994293,0.008203277
Remark=,"""12:11:35 Flow: Fixed -> 500 umol/s""
",,,,,,,,,,,,,,,,,,,,,,,,,,,,,,,,,,,,,,,,,,,,,,,,,,,,,,
9,12:16:17,4880.499995,0,6.293795905,0.046965167,167.5676179,0.78107627,1.617760184,26.11111832,6,1.420000017,1,2.840000033,26.33863068,26.11111832,26.15875435,400.4976807,392.5776367,17.17867279,18.09894562,49.04347229,51.67076492,500.0297241,264.5951843,331.0380249,98.27912903,-11.62967491,1.049488306,1,-0.219565243,2.737391472,1,0,0.189999998,111115,0.833382874,0.000781076,299.2611183,299.4886307,50.27308439,0.218344152,3.396508796,34.55981783,16.46087222,26.2248745,3.419419992,0.046201137,1.778748612,1.64067138,0.028943396,16.46839954,0.426839438,51.87772724,389.5858676,0.008380895
10,12:26:17,5480.999982,0,6.193172438,0.046952429,169.6628751,0.77732715,1.610542316,26.06433105,6,1.420000017,1,2.840000033,26.3361454,26.06433105,26.16049385,399.025116,391.2293396,17.16086197,18.07667923,49.00041962,51.61540985,500.0619812,264.5074463,330.8742065,98.2803421,-11.62967491,1.049488306,1,-0.219565243,2.737391472,1,0,0.189999998,111115,0.833436635,0.000777327,299.2143311,299.4861454,50.25641416,0.226167304,3.387124535,34.46390664,16.38722741,26.20023823,3.414446679,0.04618881,1.776582219,1.63786446,0.028935655,16.6745254,0.433666031,51.96240371,388.285402,0.008288031
Remark=,"""12:26:36 Flow: Fixed -> 500 umol/s""
",,,,,,,,,,,,,,,,,,,,,,,,,,,,,,,,,,,,,,,,,,,,,,,,,,,,,,
11,12:36:18,6081.499988,0,6.341378267,0.048196601,170.2753044,0.796596692,1.60837482,26.10710335,6,1.420000017,1,2.840000033,26.34086418,26.10710335,26.16132736,399.3681946,391.3858337,17.24783325,18.18619728,49.23454285,51.91313553,500.0892639,264.7335815,331.178009,98.27935791,-11.69556236,1.062950373,1,-0.219565243,2.737391472,1,0,0.189999998,111115,0.833482107,0.000796597,299.2571033,299.4908642,50.29937986,0.211414241,3.395702612,34.55153436,16.36533708,26.22398376,3.41924007,0.047392323,1.787327792,1.631912279,0.029691426,16.73454759,0.435057403,52.16401166,388.3714462,0.008517406
Remark=,"""12:41:36 Flow: Fixed -> 500 umol/s""
",,,,,,,,,,,,,,,,,,,,,,,,,,,,,,,,,,,,,,,,,,,,,,,,,,,,,,
12,12:46:18,6680.999995,0,5.953641726,0.04824368,183.8802415,0.79655785,1.6067011,26.04167747,6,1.420000017,1,2.840000033,26.33414841,26.04167747,26.16081238,399.4385681,391.9208984,17.13419342,18.0726223,48.92189407,51.60131836,500.0881653,264.3386841,330.8995056,98.26398468,-11.59946251,1.053501368,1,-0.219565243,2.737391472,1,0,0.189999998,111115,0.833480275,0.000796558,299.1916775,299.4841484,50.22434935,0.218581919,3.38258898,34.42348681,16.35086451,26.18791294,3.41196095,0.047437844,1.775887881,1.636073069,0.029720014,18.06880524,0.469176924,52.03526701,389.0908223,0.007962134
13,12:56:18,7281.499982,0,6.275726663,0.046917219,167.2923694,0.78505373,1.627269905,26.10039711,6,1.420000017,1,2.840000033,26.33672905,26.10039711,26.15938568,399.8298645,391.9302063,17.06038284,17.98545265,48.69723511,51.33775711,500.0276794,264.3016357,330.6023865,98.25087738,-11.59946251,1.053501368,1,-0.219565243,2.737391472,1,0,0.189999998,111115,0.833379466,0.000785054,299.2503971,299.486729,50.21731016,0.216816899,3.394356408,34.54784831,16.56239566,26.21856308,3.418145307,0.046154736,1.767086503,1.651058803,0.028914259,16.43662208,0.426842246,51.56647078,388.9470264,0.008320338
Remark=,"""12:56:37 Flow: Fixed -> 500 umol/s""
",,,,,,,,,,,,,,,,,,,,,,,,,,,,,,,,,,,,,,,,,,,,,,,,,,,,,,
14,13:06:18,7881.999988,0,6.138569751,0.0463396,169.5774956,0.783500186,1.643606457,26.17311096,6,1.420000017,1,2.840000033,26.33841515,26.17311096,26.16042519,399.9274902,392.1942444,17.04753304,17.97062492,48.6485939,51.28282547,500.1150208,264.7734985,331.2322693,98.2365036,-11.36252403,1.041698694,1,-0.219565243,2.737391472,1,0,0.189999998,111115,0.833525035,0.0007835,299.323111,299.4884151,50.30696409,0.208961398,3.408977817,34.70174215,16.73111722,26.25576305,3.425664389,0.045595627,1.76537136,1.660293029,0.028563187,16.65870026,0.432381398,51.27682904,389.2762623,0.008085939
Remark=,"""13:11:37 Flow: Fixed -> 500 umol/s""
",,,,,,,,,,,,,,,,,,,,,,,,,,,,,,,,,,,,,,,,,,,,,,,,,,,,,,
15,13:16:18,8481.999995,0,6.019332368,0.043750521,161.8025768,0.743691769,1.650868129,26.18692207,6,1.420000017,1,2.840000033,26.33504105,26.18692207,26.16259766,400.0487976,392.4761658,17.04960442,17.92594147,48.66174316,51.16292191,500.0544434,264.5061035,331.3115845,98.23155212,-11.2989254,0.998325586,1,-0.219565243,2.737391472,1,0,0.189999998,111115,0.833424072,0.000743692,299.3369221,299.485041,50.25615904,0.22677114,3.411761183,34.73182607,16.8058846,26.26098156,3.426720339,0.043086765,1.760893054,1.665827286,0.026988086,15.89411826,0.412260899,51.05795333,389.6148634,0.007888169
16,13:26:18,9082.499982,0,6.085931922,0.043956814,160.3972121,0.749202975,1.655173807,26.22683144,6,1.420000017,1,2.840000033,26.33724213,26.22683144,26.15958977,400.1499634,392.4958191,17.08289528,17.96557426,48.74642563,51.26516724,500.1205139,264.6424255,331.3724365,98.22349548,-11.2989254,0.998325586,0.666666687,-0.219565243,2.737391472,1,0,0.189999998,111115,0.83353419,0.000749203,299.3768314,299.4872421,50.28206022,0.219035256,3.41981531,34.81667286,16.8510986,26.28203678,3.430983693,0.043286832,1.764641503,1.66634219,0.027113676,15.75477484,0.40865967,51.04624438,389.6028585,0.007973863
Remark=,"""13:26:37 Flow: Fixed -> 500 umol/s""
",,,,,,,,,,,,,,,,,,,,,,,,,,,,,,,,,,,,,,,,,,,,,,,,,,,,,,
17,13:36:19,9681.999988,0,5.727348778,0.040586589,156.918379,0.701913458,1.67717169,26.31092262,6,1.420000017,1,2.840000033,26.33807373,26.31092262,26.15971184,400.3715515,393.1679077,17.09013367,17.91729927,48.75828171,51.11819077,500.0234985,264.6290894,331.1302185,98.21058655,-10.97958946,0.948005915,1,-0.219565243,2.737391472,1,0,0.189999998,111115,0.833372498,0.000701913,299.4609226,299.4880737,50.27952635,0.232253198,3.43684016,34.99459968,17.07730041,26.32449818,3.439595554,0.040014736,1.759668471,1.679927083,0.025059966,15.41104605,0.399112888,50.58031339,390.4454004,0.007419503
Remark=,"""13:41:38 Flow: Fixed -> 500 umol/s""
",,,,,,,,,,,,,,,,,,,,,,,,,,,,,,,,,,,,,,,,,,,,,,,,,,,,,,
18,13:46:19,10282.5,0,5.372876383,0.038328859,159.291926,0.669854602,1.693339187,26.37367821,6,1.420000017,1,2.840000033,26.34026337,26.37367821,26.15974426,400.7584534,393.9941406,17.09408951,17.88355827,48.76047516,51.01241684,499.9882813,264.3551025,330.6391602,98.20497894,-10.59192467,0.904758692,1,-0.219565243,2.737391472,1,0,0.189999998,111115,0.833313802,0.000669855,299.5236782,299.4902634,50.22746885,0.240045123,3.44959365,35.12646393,17.24290565,26.35697079,3.446194258,0.037818458,1.756254464,1.689939795,0.023681869,15.64326024,0.404300241,50.24689072,391.4401325,0.006896849
19,13:56:19,10882.99998,0,5.474857953,0.037957087,153.0138567,0.663723169,1.6936754,26.39076042,6,1.420000017,1,2.840000033,26.33774376,26.39076042,26.15980911,401.0609436,394.1780701,17.13676071,17.91885376,48.88047409,51.11129761,500.0658264,264.2635193,330.8722534,98.18691254,-10.59192467,0.904758692,1,-0.219565243,2.737391472,1,0,0.189999998,111115,0.833443044,0.000663723,299.5407604,299.4877438,50.21006803,0.240347046,3.453072327,35.16835633,17.24950257,26.36425209,3.447675396,0.037456475,1.759396927,1.688278469,0.023454765,15.02395817,0.388184601,50.27875115,391.5755848,0.00702978
Remark=,"""13:56:37 Flow: Fixed -> 500 umol/s""
",,,,,,,,,,,,,,,,,,,,,,,,,,,,,,,,,,,,,,,,,,,,,,,,,,,,,,
20,14:05:19,11422.49999,0,5.377889474,0.034939484,136.5742811,0.616931594,1.708531016,26.42042351,6,1.420000017,1,2.840000033,26.33692169,26.42042351,26.15973091,399.7433472,393.0001526,17.10153961,17.82852745,48.78408051,50.8578949,500.0903015,264.2997437,329.1327209,98.19034576,-10.4511776,0.860279322,0.666666687,-0.219565243,2.737391472,1,0,0.189999998,111115,0.833483836,0.000616932,299.5704235,299.4869217,50.21695066,0.260642601,3.459120291,35.22872095,17.4001935,26.3786726,3.450610408,0.03451486,1.750589275,1.700021133,0.02160954,13.41027588,0.34751712,49.8785474,390.4437615,0.006870165
Remark=,"""14:05:37 Flow: Fixed -> 500 umol/s""
",,,,,,,,,,,,,,,,,,,,,,,,,,,,,,,,,,,,,,,,,,,,,,,,,,,,,,
21,14:06:07,11470.5,0,5.029959023,0.034656689,151.3865709,0.612706849,1.710609195,26.42558861,6,1.420000017,1,2.840000033,26.33879662,26.42558861,26.16221619,400.1474609,393.8235168,17.09510612,17.81707573,48.76313019,50.82252121,500.1237183,265.065979,330.0205383,98.19597626,-10.00513268,0.841823816,0.666666687,-0.219565243,2.737391472,1,0,0.189999998,111115,0.83353953,0.000612707,299.5755886,299.4887966,50.36253538,0.264114182,3.460174341,35.2374351,17.42035937,26.38219261,3.451327168,0.03423887,1.749565145,1.701762023,0.021436444,14.86555212,0.384402059,49.82800402,391.4325152,0.006402964
22,14:06:08,11471,0,5.010343896,0.034690235,152.5143287,0.613106218,1.710088178,26.42338371,6,1.420000017,1,2.840000033,26.33854294,26.42338371,26.16224098,400.1269531,393.8263245,17.09539795,17.81784058,48.76457977,50.82534409,500.1216431,265.0527344,329.9787292,98.19574738,-10.00513268,0.841823816,0.666666687,-0.219565243,2.737391472,1,0,0.189999998,111115,0.833536072,0.000613106,299.5733837,299.4885429,50.3600189,0.264144299,3.45972435,35.23293465,17.41509407,26.38096333,3.451076841,0.034271611,1.749636172,1.701440669,0.021456979,14.97625849,0.387262911,49.83744337,391.4446469,0.006379005
23,14:06:19,11482.5,0,4.962196002,0.034700603,154.7812867,0.613028624,1.709657113,26.42321396,6,1.420000017,1,2.840000033,26.33862114,26.42321396,26.16114235,400.0531311,393.8098145,17.09649277,17.81890106,48.77562332,50.83662796,500.0815735,264.2143555,330.9012451,98.21215057,-10.00513268,0.841823816,1,-0.219565243,2.737391472,1,0,0.189999998,111115,0.833469289,0.000613029,299.573214,299.4886211,50.20072691,0.262335298,3.459689708,35.22669738,17.40779632,26.38091755,3.451067519,0.034281731,1.750032594,1.701034925,0.021463325,15.20140303,0.393035625,49.84989999,391.4510241,0.006319181
Remark=,"""14:11:37 Flow: Fixed -> 500 umol/s""
",,,,,,,,,,,,,,,,,,,,,,,,,,,,,,,,,,,,,,,,,,,,,,,,,,,,,,
24,14:16:19,12082.5,0,5.22043899,0.033436589,133.524359,0.596606575,1.725471222,26.48349762,6,1.420000017,1,2.840000033,26.33959198,26.48349762,26.16017914,399.9936523,393.447937,17.08468628,17.78782654,48.72685242,50.73226166,500.0375671,265.0086365,331.9882507,98.1873703,-10.33099937,0.824381113,1,-0.219565243,2.737391472,1,0,0.189999998,111115,0.833395945,0.000596607,299.6334976,299.489592,50.3516403,0.264533403,3.472011134,35.36107671,17.57325018,26.4115448,3.457309055,0.033047506,1.746539911,1.710769144,0.020689299,13.11040568,0.339369829,49.54077296,390.9663903,0.006615008
25,14:26:19,12682.99998,0,5.249453569,0.032715683,126.6357539,0.587716665,1.736382455,26.51980591,6,1.420000017,1,2.840000033,26.33716393,26.51980591,26.15975761,400.0236511,393.4470215,17.06334496,17.75606155,48.66310883,50.63867188,500.0149841,264.6305237,331.6842041,98.16750336,-10.33099937,0.824381113,1,-0.219565243,2.737391472,1,0,0.189999998,111115,0.833358307,0.000587717,299.6698059,299.4871639,50.27979887,0.262996615,3.479450688,35.4440173,17.68795575,26.42848492,3.460765518,0.032343103,1.743068232,1.717697285,0.020247587,12.4315158,0.321862276,49.31621107,390.9516827,0.006621871
Remark=,"""14:26:38 Flow: Fixed -> 500 umol/s""
",,,,,,,,,,,,,,,,,,,,,,,,,,,,,,,,,,,,,,,,,,,,,,,,,,,,,,
26,14:36:19,13283.49999,0,4.726670432,0.03164581,145.2221283,0.572389516,1.747568777,26.55414009,6,1.420000017,1,2.840000033,26.33870125,26.55414009,26.16135025,400.3051147,394.3631287,17.03955078,17.71414948,48.590168,50.51386261,500.0751953,264.8917542,331.5184631,98.16614532,-9.922246933,0.792652369,0.666666687,-0.219565243,2.737391472,1,0,0.189999998,111115,0.833458659,0.00057239,299.7041401,299.4887012,50.32943266,0.267064359,3.486498548,35.51630286,17.80215339,26.44642067,3.464428418,0.03129707,1.738929772,1.725498647,0.019591705,14.25589655,0.368244691,49.07304536,392.1162959,0.005915391
Remark=,"""14:41:38 Flow: Fixed -> 500 umol/s""
",,,,,,,,,,,,,,,,,,,,,,,,,,,,,,,,,,,,,,,,,,,,,,,,,,,,,,
27,14:46:19,13882.5,0,4.654381208,0.030006955,135.9569963,0.547495052,1.761679158,26.61828041,6,1.420000017,1,2.840000033,26.34163857,26.61828041,26.16015434,400.0298767,394.186615,17.0601902,17.70544434,48.6390152,50.47865295,500.0833435,265.0727844,331.8370056,98.1629715,-9.675359726,0.763099909,1,-0.219565243,2.737391472,1,0,0.189999998,111115,0.833472239,0.000547495,299.7682804,299.4916386,50.36382841,0.27202864,3.499698186,35.65191775,17.94647342,26.47995949,3.471286915,0.029693221,1.738019028,1.733267887,0.018586198,13.34594276,0.344905157,48.82293459,391.9741451,0.005797335
28,14:56:19,14482.99998,0,4.707570951,0.029788299,131.192568,0.545416201,1.767623108,26.67807579,6,1.420000017,1,2.840000033,26.34420013,26.67807579,26.16176224,399.9878235,394.0814514,17.12727356,17.77007294,48.82447815,50.6568985,500.0541077,264.5024414,330.862854,98.16616058,-9.675359726,0.763099909,1,-0.219565243,2.737391472,1,0,0.189999998,111115,0.833423513,0.000545416,299.8280758,299.4942001,50.25546324,0.263952887,3.512042942,35.77651322,18.00644028,26.51113796,3.477673365,0.029479098,1.744419834,1.733253532,0.018451969,12.8786707,0.332907239,48.82188162,391.8436976,0.005865412
Remark=,"""14:56:39 Flow: Fixed -> 500 umol/s""
",,,,,,,,,,,,,,,,,,,,,,,,,,,,,,,,,,,,,,,,,,,,,,,,,,,,,,
29,15:06:19,15083.49999,0,4.495481486,0.02731325,121.205638,0.504670848,1.781957272,26.69392395,6,1.420000017,1,2.840000033,26.338377,26.69392395,26.16220284,400.0335999,394.4021912,17.06622887,17.66092491,48.65760422,50.35314178,500.1794434,264.8059692,331.4801331,98.14683533,-9.39581871,0.718561411,1,-0.219565243,2.737391472,1,0,0.189999998,111115,0.833632406,0.000504671,299.843924,299.488377,50.31313352,0.282894607,3.515321161,35.81695884,18.15603392,26.51615047,3.478701061,0.027053072,1.733363889,1.745337172,0.016931354,11.89594979,0.307314819,48.4123043,392.2652546,0.0055482
Remark=,"""15:11:39 Flow: Fixed -> 500 umol/s""
",,,,,,,,,,,,,,,,,,,,,,,,,,,,,,,,,,,,,,,,,,,,,,,,,,,,,,
30,15:16:19,15683.5,0,4.056965397,0.025750907,133.1971604,0.479324904,1.794253611,26.7063179,6,1.420000017,1,2.840000033,26.33644295,26.7063179,26.16193199,400.2521667,395.1575012,16.99662971,17.56160927,48.465168,50.07618332,500.0965271,264.6078186,331.4112549,98.147789,-9.042425156,0.682811975,1,-0.219565243,2.737391472,1,0,0.189999998,111115,0.833494212,0.000479325,299.8563179,299.4864429,50.2754849,0.293689654,3.517886732,35.84275069,18.28114142,26.52138042,3.47977362,0.025519516,1.723633121,1.756140499,0.015970326,13.0730068,0.337073597,48.06787093,393.2290142,0.004959189
31,15:26:20,16283.99998,0,4.268435672,0.025202077,114.379624,0.476011643,1.819790691,26.82748604,6,1.420000017,1,2.840000033,26.34190369,26.82748604,26.16221237,400.5336304,395.1863098,16.99934578,17.56047249,48.4500618,50.04933548,500.0503235,265.2251587,331.9969482,98.13314056,-9.042425156,0.682811975,1,-0.219565243,2.737391472,1,0,0.189999998,111115,0.833417206,0.000476012,299.977486,299.4919037,50.39277952,0.280854441,3.543055006,36.10457166,18.54409918,26.58469486,3.492781079,0.024980402,1.723264315,1.769516764,0.015632517,11.22443172,0.289432152,47.68586604,393.1572999,0.005177166
Remark=,"""15:26:39 Flow: Fixed -> 500 umol/s""
",,,,,,,,,,,,,,,,,,,,,,,,,,,,,,,,,,,,,,,,,,,,,,,,,,,,,,
32,15:36:20,16883.99999,0,3.840968775,0.023454713,123.9285255,0.446606963,1.833614118,26.85611916,6,1.420000017,1,2.840000033,26.33780479,26.85611916,26.16046143,400.5925598,395.7716675,16.95263481,17.47915459,48.3321991,49.8333168,500.0389404,264.9286499,332.1661987,98.14040375,-8.669927597,0.64045167,1,-0.219565243,2.737391472,1,0,0.189999998,111115,0.833398234,0.000446607,300.0061192,299.4878048,50.33644285,0.291004246,3.549025406,36.16273492,18.68358034,26.59696198,3.495306166,0.023262594,1.715411288,1.779894877,0.014556261,12.16239553,0.313131373,47.34566847,393.9458549,0.004616199
Remark=,"""15:41:38 Flow: Fixed -> 500 umol/s""
",,,,,,,,,,,,,,,,,,,,,,,,,,,,,,,,,,,,,,,,,,,,,,,,,,,,,,
33,15:46:20,17483,0,3.646850165,0.020904768,107.4746593,0.402864447,1.854133279,26.91783905,6,1.420000017,1,2.840000033,26.34136009,26.91783905,26.16083336,400.7356262,396.1685791,16.92602539,17.40097809,48.24768829,49.60154724,500.0761719,264.9253235,332.135376,98.14341736,-8.491827011,0.595876932,1,-0.219565243,2.737391472,1,0,0.189999998,111115,0.833460286,0.000402864,300.0678391,299.4913601,50.33581083,0.305763785,3.561924734,36.29305795,18.89207986,26.62959957,3.502032115,0.020752016,1.707791455,1.79424066,0.012983648,10.54793035,0.271285167,46.90054894,394.4350412,0.00433631
34,15:56:20,18083.49998,0,3.692055509,0.020827329,103.0749468,0.40431673,1.867508524,26.9578743,6,1.420000017,1,2.840000033,26.33936119,26.9578743,26.16062927,400.9139099,396.2915649,16.87475204,17.35147285,48.10360718,49.46255875,500.0426636,265.0391235,332.2398071,98.13607025,-8.491827011,0.595876932,1,-0.219565243,2.737391472,1,0,0.189999998,111115,0.833404439,0.000404317,300.1078743,299.4893612,50.35743284,0.299463815,3.570313883,36.38125996,19.02978711,26.64861774,3.505956585,0.020675702,1.702805359,1.803151226,0.012935851,10.11537022,0.260098766,46.64066537,394.5365386,0.004364613
Remark=,"""15:56:40 Flow: Fixed -> 500 umol/s""
",,,,,,,,,,,,,,,,,,,,,,,,,,,,,,,,,,,,,,,,,,,,,,,,,,,,,,
35,16:06:20,18683.99999,0,3.346271613,0.018480895,97.86293066,0.363868409,1.892319219,27.03354454,6,1.420000017,1,2.840000033,26.34040451,27.03354454,26.16007233,401.2105713,397.0220337,16.83276558,17.2618351,47.97783279,49.20079422,500.0411682,265.081604,332.2705078,98.12966156,-8.004400253,0.549587488,1,-0.219565243,2.737391472,1,0,0.189999998,111115,0.833401947,0.000363868,300.1835445,299.4904045,50.36550413,0.310327944,3.586217255,36.54570084,19.28386574,26.68697453,3.513883332,0.018361411,1.693898036,1.819985296,0.011486557,9.603256265,0.246492442,46.12527583,395.4313764,0.003903274
Remark=,"""16:11:39 Flow: Fixed -> 500 umol/s""
",,,,,,,,,,,,,,,,,,,,,,,,,,,,,,,,,,,,,,,,,,,,,,,,,,,,,,
36,16:16:20,19283.5,0,2.713980117,0.015717084,112.1870237,0.31306974,1.912453935,27.0863781,6,1.420000017,1,2.840000033,26.34057808,27.0863781,26.16266823,401.3528442,397.9472046,16.80202293,17.17118645,47.88690567,48.93904495,500.0937805,265.0153503,332.36026,98.12390137,-7.344854355,0.501011133,1,-0.219565243,2.737391472,1,0,0.189999998,111115,0.833489634,0.00031307,300.2363781,299.4905781,50.35291593,0.329367796,3.59735774,36.66138107,19.49019462,26.71347809,3.519369649,0.015630581,1.684903805,1.834465844,0.009776848,11.00822845,0.28191434,45.66742226,396.6571084,0.003124625
37,16:26:20,19883.99998,0,2.724540849,0.01632233,119.7784711,0.326778848,1.922479072,27.13277817,6,1.420000017,1,2.840000033,26.33984375,27.13277817,26.16147614,399.8999634,396.475647,16.78373337,17.16906738,47.83662033,48.93488693,500.0882568,265.0453796,332.1875916,98.12341309,-7.344854355,0.501011133,1,-0.219565243,2.737391472,1,0,0.189999998,111115,0.833480428,0.000326779,300.2827782,299.4898438,50.3586215,0.315778557,3.607166563,36.76152764,19.59246026,26.73631096,3.524102117,0.016229057,1.684687491,1.839414626,0.0101515,11.7530724,0.302108016,45.53992692,395.1805307,0.003139714
Remark=,"""16:26:39 Flow: Fixed -> 500 umol/s""
",,,,,,,,,,,,,,,,,,,,,,,,,,,,,,,,,,,,,,,,,,,,,,,,,,,,,,
Remark=,"""16:34:18 Flow: Fixed -> 500 umol/s""
",,,,,,,,,,,,,,,,,,,,,,,,,,,,,,,,,,,,,,,,,,,,,,,,,,,,,,
Remark=,"""16:34:31 Coolers: Tblock -> 19.00 C""
",,,,,,,,,,,,,,,,,,,,,,,,,,,,,,,,,,,,,,,,,,,,,,,,,,,,,,
38,16:36:20,20484,0,2.717750213,0.012135183,29.00658006,0.25341022,2.002118741,27.4523983,6,1.420000017,1,2.840000033,22.72966003,27.4523983,21.03627205,399.1505432,395.7698364,16.75031471,17.04913902,59.26371384,60.32096863,500.1396179,264.1080627,330.4256287,98.14284515,-7.100072861,0.468658686,1,-0.219565243,2.737391472,1,0,0.189999998,111115,0.83356603,0.00025341,300.6023983,295.87966,50.18053129,-0.176941032,3.675369752,37.44918691,20.40004789,25.09102917,3.196974917,0.01208355,1.673251011,1.523723906,0.007556841,2.846788295,0.073291538,44.23837582,394.4779481,0.003047797
Remark=,"""16:41:39 Flow: Fixed -> 500 umol/s""
",,,,,,,,,,,,,,,,,,,,,,,,,,,,,,,,,,,,,,,,,,,,,,,,,,,,,,
39,16:46:20,21084,0,2.34047555,0.011450595,62.82228055,0.197028231,1.65253057,25.69400787,6,1.420000017,1,2.840000033,19.8690033,25.69400787,19.11987305,400.2459412,397.3439331,16.69337845,16.92576981,70.3846817,71.36451721,500.0875549,264.4594116,331.9764404,98.14103699,-6.894872665,0.383457422,1,-0.219565243,2.737391472,1,0,0.189999998,111115,0.833479258,0.000197028,298.8440079,293.0190033,50.24728758,-0.278153109,3.31364317,33.76409372,16.83832391,22.78150558,2.782647092,0.011404613,1.661112601,1.121534492,0.007132,6.165443759,0.158105549,49.03813584,396.2313831,0.002896604
40,16:56:20,21684.49998,0,2.446487646,0.012828915,84.95198531,0.206474156,1.547405748,25.13422966,6,1.420000017,1,2.840000033,19.81764793,25.13422966,19.12374496,400.5224304,397.489563,16.64801216,16.89148331,70.41977692,71.44963837,500.2313538,263.8676147,330.5639648,98.14453888,-6.894872665,0.383457422,1,-0.219565243,2.737391472,1,0,0.189999998,111115,0.833718923,0.000206474,298.2842297,292.9676479,50.13484617,-0.215181954,3.205212589,32.65808394,15.76660063,22.4759388,2.731513382,0.012771225,1.65780684,1.073706542,0.007987179,8.337573425,0.213721298,50.71837087,396.3266199,0.003130798
Remark=,"""16:56:40 Flow: Fixed -> 500 umol/s""
",,,,,,,,,,,,,,,,,,,,,,,,,,,,,,,,,,,,,,,,,,,,,,,,,,,,,,
41,17:06:20,22283.99999,0,2.693126278,0.012460827,44.71180743,0.199806716,1.541856943,25.05147552,6,1.420000017,1,2.840000033,19.80387115,25.05147552,19.12158585,400.8349304,397.5088501,16.54986191,16.78553581,70.07222748,71.07007599,500.1474915,264.6711731,332.1890259,98.15545654,-7.346288681,0.374151468,1,-0.219565243,2.737391472,1,0,0.189999998,111115,0.833579152,0.000199807,298.2014755,292.9538712,50.28752226,-0.20047596,3.189448874,32.49385196,15.70831615,22.42767334,2.723512274,0.012406393,1.647591931,1.075920343,0.007758868,4.388707872,0.11248003,50.65285748,396.2286668,0.003442824
Remark=,"""17:11:40 Flow: Fixed -> 500 umol/s""
",,,,,,,,,,,,,,,,,,,,,,,,,,,,,,,,,,,,,,,,,,,,,,,,,,,,,,
42,17:16:20,22884,0,2.505827668,0.012124474,60.1754641,0.196137129,1.555322499,25.11629295,6,1.420000017,1,2.840000033,19.7996788,25.11629295,19.12236786,401.1156311,398.0159302,16.54200935,16.77335358,70.0602417,71.04004669,500.1566467,264.8599854,332.5707703,98.15971375,-7.097204208,0.364433527,1,-0.219565243,2.737391472,1,0,0.189999998,111115,0.833594411,0.000196137,298.266293,292.9496788,50.32339659,-0.207430544,3.201790085,32.61816852,15.84481494,22.45798588,2.728534874,0.012072932,1.646467586,1.082067289,0.007550196,5.906806331,0.151188582,50.40506195,396.8247797,0.003182926
43,17:26:20,23484.49998,0,2.506744586,0.012210766,62.57583066,0.199589215,1.571506527,25.20385933,6,1.420000017,1,2.840000033,19.80465317,25.20385933,19.12224579,401.3996887,398.2973022,16.54267502,16.77807999,70.04531097,71.04206848,500.1776123,263.2850342,329.5529175,98.16513062,-7.097204208,0.364433527,1,-0.219565243,2.737391472,1,0,0.189999998,111115,0.833629354,0.000199589,298.3538593,292.9546532,50.02415587,-0.223978659,3.21852894,32.78688593,16.00880595,22.50425625,2.736217218,0.01215849,1.647022413,1.089194804,0.007603735,6.14276459,0.157108347,50.14668957,397.1057159,0.003165528
Remark=,"""17:26:40 Flow: Fixed -> 500 umol/s""
",,,,,,,,,,,,,,,,,,,,,,,,,,,,,,,,,,,,,,,,,,,,,,,,,,,,,,
44,17:36:20,24084.49999,0,1.861177162,0.008116211,24.43400426,0.135110583,1.598222489,25.24883652,6,1.420000017,1,2.840000033,19.79771042,25.24883652,19.12113953,400.1726379,397.8753662,16.43510056,16.59449768,69.61691284,70.292099,500.1413574,264.3502197,331.5217285,98.16107941,-6.308965683,0.298469782,1,-0.219565243,2.737391472,1,0,0.189999998,111115,0.833568929,0.000135111,298.3988365,292.9477104,50.22654112,-0.194880416,3.227156294,32.87612884,16.28163116,22.52327347,2.739380161,0.008093082,1.628933805,1.110446357,0.005060249,2.398468233,0.061411201,49.36446843,396.9906517,0.002314312
Remark=,"""17:41:41 Flow: Fixed -> 500 umol/s""
",,,,,,,,,,,,,,,,,,,,,,,,,,,,,,,,,,,,,,,,,,,,,,,,,,,,,,
45,17:46:20,24684,0,1.745083423,0.00770921,29.88247537,0.128771997,1.603574899,25.23337173,6,1.420000017,1,2.840000033,19.79693031,25.23337173,19.12276077,400.8007813,398.6455078,16.35730171,16.50924683,69.29273987,69.93641663,500.0992737,264.1826477,331.5767822,98.16394043,-6.108373642,0.291429758,1,-0.219565243,2.737391472,1,0,0.189999998,111115,0.833498789,0.000128772,298.3833717,292.9469303,50.19470243,-0.189954236,3.224187621,32.84492867,16.33568184,22.51515102,2.738028845,0.00768834,1.620612722,1.117416123,0.004807083,2.933381532,0.07496002,49.14388075,397.8159787,0.002155775
46,17:56:21,25284.49998,0,1.650859723,0.007741068,50.78400071,0.129933461,1.611217422,25.29026031,6,1.420000017,1,2.840000033,19.8051815,25.29026031,19.12027168,400.8908691,398.8480225,16.3900528,16.54336548,69.39342499,70.04253387,500.0914001,264.1226196,331.7445374,98.16034698,-6.108373642,0.291429758,1,-0.219565243,2.737391472,1,0,0.189999998,111115,0.833485667,0.000129933,298.4402603,292.9551815,50.1832971,-0.197337063,3.235119918,32.95750287,16.41413739,22.54772091,2.743450959,0.007720025,1.623902496,1.119548463,0.004826902,4.984975131,0.127326696,49.07091873,398.0632828,0.002035084
Remark=,"""17:56:41 Flow: Fixed -> 500 umol/s""
",,,,,,,,,,,,,,,,,,,,,,,,,,,,,,,,,,,,,,,,,,,,,,,,,,,,,,
47,18:06:21,25884.49999,0,1.720612022,0.010847212,138.3481906,0.137332134,1.21987629,22.82331657,6,1.420000017,1,2.840000033,19.73857498,22.82331657,19.12395477,400.5588684,398.4287415,15.829566,15.99170876,67.3013382,67.99069977,500.0628967,-0.175248966,0.069210835,98.16538239,-6.161840439,0.29795289,1,-0.219565243,2.737391472,1,0,0.189999998,111115,0.833438161,0.000137332,295.9733166,292.888575,-0.033297303,-0.475509483,2.789708495,28.41845493,12.42674617,21.28094578,2.539351682,0.010805939,1.569832205,0.969519477,0.006757408,13.58100304,0.347234464,55.44939694,397.6108449,0.002399504
Remark=,"""18:11:41 Flow: Fixed -> 500 umol/s""
",,,,,,,,,,,,,,,,,,,,,,,,,,,,,,,,,,,,,,,,,,,,,,,,,,,,,,
48,18:16:21,26484.5,0,-0.345993409,0.000783177,1092.107859,0.010686883,1.309643949,23.25644493,6,1.420000017,1,2.840000033,19.76750565,23.25644493,19.12280846,400.9879456,401.3979187,15.82038212,15.83300114,67.13690948,67.19046021,500.0869751,-0.091434255,0.105464146,98.15843201,-3.630559921,0.15060544,1,-0.219565243,2.737391472,1,0,0.189999998,111115,0.833478292,1.06869E-05,296.4064449,292.9175056,-0.017372508,-0.462591612,2.863786515,29.17514529,13.34214415,21.51197529,2.575551109,0.000782961,1.554142566,1.021408544,0.00048937,107.199595,2.72076114,53.22886627,401.5623874,-0.00045863
49,18:26:21,27084.99998,0,-0.439944399,0.00094212,1130.866061,0.012976259,1.322412955,23.18042946,6,1.420000017,1,2.840000033,19.75434875,23.18042946,19.12425232,399.8529663,400.3745117,15.55217457,15.56749916,66.05988312,66.12497711,500.1470947,-0.081468895,0.058224022,98.16923523,-3.630559921,0.15060544,1,-0.219565243,2.737391472,1,0,0.189999998,111115,0.833578491,1.29763E-05,296.3304295,292.9043488,-0.01547909,-0.455380841,2.850662442,29.0382464,13.47074724,21.46738911,2.568530039,0.000941808,1.528249487,1.040280552,0.000588658,111.0162563,2.824520612,52.56783846,400.5836402,-0.000577331
Remark=,"""18:26:42 Flow: Fixed -> 500 umol/s""
",,,,,,,,,,,,,,,,,,,,,,,,,,,,,,,,,,,,,,,,,,,,,,,,,,,,,,
50,18:36:21,27684.49999,0,-0.188760707,0.00069838,819.7660548,0.009687497,1.331945826,23.10030365,6,1.420000017,1,2.840000033,19.7463131,23.10030365,19.12241364,400.5464783,400.76828,15.3187418,15.33018589,65.10023499,65.14887238,500.1175842,-0.117808089,0.051632859,98.16840363,-3.783575058,0.152541399,1,-0.219565243,2.737391472,1,0,0.189999998,111115,0.833529307,9.6875E-06,296.2503036,292.8963131,-0.022383537,-0.444155653,2.836885702,28.89815457,13.56796868,21.42330837,2.561605043,0.000698208,1.504939876,1.056665167,0.000436396,80.47512495,2.045486371,51.99905513,400.8580078,-0.000244859
Remark=,"""18:41:42 Flow: Fixed -> 500 umol/s""
",,,,,,,,,,,,,,,,,,,,,,,,,,,,,,,,,,,,,,,,,,,,,,,,,,,,,,
51,18:46:21,28284.5,0,-0.4189803,0.000843386,1178.771964,0.011801832,1.343757418,23.10621071,6,1.420000017,1,2.840000033,19.74403763,23.10621071,19.12360764,400.9130249,401.4099426,15.20670795,15.22064972,64.63130951,64.69056702,500.1748657,-0.154143706,0.023069527,98.16545105,-3.583593369,0.148174524,1,-0.219565243,2.737391472,1,0,0.189999998,111115,0.833624776,1.18018E-05,296.2562107,292.8940376,-0.029287304,-0.44642035,2.837899363,28.9093498,13.68870008,21.42512417,2.561889978,0.000843135,1.494141945,1.067748033,0.000526982,115.7146815,2.936578891,51.5955887,401.6091058,-0.000538273
52,18:56:21,28884.99998,0,-0.506545371,0.00016627,5212.415953,0.002365088,1.365337074,23.223423,6,1.420000017,1,2.840000033,19.76012039,23.223423,19.12325859,401.0214844,401.6280518,15.20512104,15.20791531,64.55362701,64.56548309,500.1213379,-0.114878871,0.021971684,98.15557861,-3.583593369,0.148174524,1,-0.219565243,2.737391472,1,0,0.189999998,111115,0.833535563,2.36509E-06,296.373423,292.9101204,-0.021826985,-0.454856734,2.8580788,29.11784374,13.90992843,21.4917717,2.572367533,0.00016626,1.492741726,1.079625806,0.000103914,511.6277038,12.97821686,51.14896841,401.8688392,-0.00064472
Remark=,"""18:56:42 Flow: Fixed -> 500 umol/s""
",,,,,,,,,,,,,,,,,,,,,,,,,,,,,,,,,,,,,,,,,,,,,,,,,,,,,,
53,19:06:21,29484.49999,0,-0.283494147,0.000484649,1317.921718,0.006947887,1.376215906,23.29759789,6,1.420000017,1,2.840000033,19.76300812,23.29759789,19.12198257,401.2550049,401.5917969,15.21831131,15.22652054,64.60366058,64.63851166,500.0782776,-0.166457027,0.065915018,98.16410065,-3.684606552,0.145326853,1,-0.219565243,2.737391472,1,0,0.189999998,111115,0.833463796,6.94789E-06,296.4475979,292.9130081,-0.031626835,-0.466840445,2.8709136,29.24606431,14.01954377,21.530303,2.578442078,0.000484566,1.494697695,1.083744384,0.000302861,129.3726002,3.281744619,50.98167909,401.7265564,-0.000359772
Remark=,"""19:11:43 Flow: Fixed -> 500 umol/s""
",,,,,,,,,,,,,,,,,,,,,,,,,,,,,,,,,,,,,,,,,,,,,,,,,,,,,,
54,19:16:21,30084.5,0,-0.392445541,0.00054357,1535.131668,0.007761467,1.370889266,23.23118973,6,1.420000017,1,2.840000033,19.75636292,23.23118973,19.12272263,401.4399414,401.9069824,15.15439606,15.16356564,64.35942841,64.39836884,500.1609802,-0.073263146,0.157094464,98.16497803,-3.553442001,0.145331621,1,-0.219565243,2.737391472,1,0,0.189999998,111115,0.833601634,7.76147E-06,296.3811897,292.9063629,-0.013919998,-0.459102143,2.859420353,29.12872198,13.96515634,21.49377632,2.572683257,0.000543465,1.488531087,1.084152169,0.000339675,150.6961664,3.819619302,50.98067757,402.0935322,-0.000497574
55,19:26:21,30684.99998,0,-0.368972348,0.000712654,1210.933728,0.010129572,1.364943244,23.14977074,6,1.420000017,1,2.840000033,19.74423218,23.14977074,19.12380791,400.2577209,400.6955566,15.06874466,15.08071518,64.0457077,64.09658813,500.0690613,-0.128354073,0.082390301,98.16781616,-3.553442001,0.145331621,1,-0.219565243,2.737391472,1,0,0.189999998,111115,0.833448435,1.01296E-05,296.2997707,292.8942322,-0.024387273,-0.451233116,2.84538412,28.98489781,13.90418263,21.44700146,2.565325145,0.000712475,1.480440875,1.08488427,0.000445313,118.8747196,3.022079251,50.96113185,400.8709484,-0.00046906
Remark=,"""19:26:43 Flow: Fixed -> 500 umol/s""
",,,,,,,,,,,,,,,,,,,,,,,,,,,,,,,,,,,,,,,,,,,,,,,,,,,,,,
56,19:36:21,31284.99999,0,-0.419484097,0.000637198,1433.780427,0.009087257,1.369440026,23.15645599,6,1.420000017,1,2.840000033,19.74694061,23.15645599,19.12468147,400.6967468,401.1956482,15.03626442,15.04700279,63.89531708,63.94094849,500.1048584,-0.165875793,0.003295848,98.16535187,-3.514623642,0.152157068,1,-0.219565243,2.737391472,1,0,0.189999998,111115,0.833508097,9.08726E-06,296.306456,292.8969406,-0.0315164,-0.451309558,2.846534349,28.9973427,13.95033991,21.4516983,2.566063169,0.000637055,1.477094324,1.088968845,0.000398172,140.7475601,3.573768642,50.81868349,401.3950508,-0.000531089
Remark=,"""19:41:43 Flow: Fixed -> 500 umol/s""
",,,,,,,,,,,,,,,,,,,,,,,,,,,,,,,,,,,,,,,,,,,,,,,,,,,,,,
57,19:46:21,31884.5,0,-0.444643292,-3.45342E-05,-19973.79295,-0.000497189,1.381824244,23.27912521,6,1.420000017,1,2.840000033,19.75941467,23.27912521,19.12388611,400.7640991,401.2977905,15.13832951,15.13774204,64.27436066,64.27186584,500.1123962,-0.164697081,0.108758718,98.15785217,-3.491674423,0.143404245,1,-0.219565243,2.737391472,1,0,0.189999998,111115,0.83352066,-4.97189E-07,296.4291252,292.9094147,-0.031292445,-0.460949027,2.867712489,29.21531417,14.07757212,21.51926994,2.57670141,-3.45346E-05,1.485888246,1.090813165,-2.15841E-05,-1960.584616,-49.77299507,50.72098446,401.5091527,-0.000561699
58,19:56:21,32484.99998,0,-0.509346183,0.000592704,1751.852958,0.008562304,1.386836316,23.33565331,6,1.420000017,1,2.840000033,19.76301193,23.33565331,19.12320518,400.9145203,401.5214233,15.17546463,15.18558025,64.421875,64.46481323,500.1539001,-0.113703646,0.169177532,98.16429138,-3.491674423,0.143404245,1,-0.219565243,2.737391472,1,0,0.189999998,111115,0.833589834,8.5623E-06,296.4856533,292.9130119,-0.021603692,-0.472616125,2.87751804,29.31328694,14.12770668,21.54933262,2.58144677,0.00059258,1.490681725,1.090765045,0.000370374,171.9694042,4.363037328,50.71798608,401.7635421,-0.00064299
Remark=,"""19:56:44 Flow: Fixed -> 500 umol/s""
",,,,,,,,,,,,,,,,,,,,,,,,,,,,,,,,,,,,,,,,,,,,,,,,,,,,,,
59,20:06:21,33084.99999,0,-0.494850021,0.00037668,2469.550442,0.005423164,1.38238629,23.24838448,6,1.420000017,1,2.840000033,19.75511169,23.24838448,19.1240654,399.8364868,400.4275208,15.06866932,15.07507706,64.00730896,64.03453064,500.1524353,-0.093780808,0.008788873,98.1756897,-3.512548447,0.149238825,1,-0.219565243,2.737391472,1,0,0.189999998,111115,0.833587392,5.42316E-06,296.3983845,292.9051117,-0.017818353,-0.460365124,2.862392377,29.15581633,14.08073927,21.50174809,2.573939129,0.00037663,1.480006087,1.093933042,0.000235398,242.4498179,6.167284499,50.61954732,400.6627488,-0.000625191
Remark=,"""20:11:44 Flow: Fixed -> 500 umol/s""
",,,,,,,,,,,,,,,,,,,,,,,,,,,,,,,,,,,,,,,,,,,,,,,,,,,,,,
60,20:16:21,33685,0,-0.608202359,0.001322645,1119.927551,0.018929813,1.37504654,23.14516449,6,1.420000017,1,2.840000033,19.74270821,23.14516449,19.12465286,400.5975342,401.3180542,14.94424725,14.96661663,63.5357666,63.63087082,500.1433411,-0.150634497,0.034056682,98.18820953,-3.349126816,0.160596132,1,-0.219565243,2.737391472,1,0,0.189999998,111115,0.833572235,1.89298E-05,296.2951645,292.8927082,-0.028620554,-0.455478245,2.84459183,28.97080865,14.00419202,21.44393635,2.56484362,0.001322029,1.46954529,1.09529833,0.000826323,109.963681,2.790623394,50.5982335,401.6071645,-0.00076627
61,20:26:21,34285.49998,0,-0.622124339,0.001382898,1104.473904,0.019964073,1.386881516,23.25879478,6,1.420000017,1,2.840000033,19.75469017,23.25879478,19.12380791,401.0480652,401.78479,15.021492,15.04508209,63.81938553,63.91960907,500.1349487,0.025786795,0.039545447,98.19232178,-3.349126816,0.160596132,1,-0.219565243,2.737391472,1,0,0.189999998,111115,0.833558248,1.99641E-05,296.4087948,292.9046902,0.004899491,-0.469145254,2.864193058,29.16921615,14.12413406,21.50674248,2.574726219,0.001382225,1.477311542,1.097414677,0.000863951,108.450857,2.748919151,50.50807125,402.0805182,-0.000781493
Remark=,"""20:26:44 Flow: Fixed -> 500 umol/s""
",,,,,,,,,,,,,,,,,,,,,,,,,,,,,,,,,,,,,,,,,,,,,,,,,,,,,,
62,20:36:21,34884.99999,0,-0.574474919,-4.3245E-05,-20619.11086,-0.000623883,1.385289584,23.25440598,6,1.420000017,1,2.840000033,19.7563591,23.25440598,19.12309647,401.3159485,402.0054321,15.05393791,15.05320072,63.95215607,63.94902802,500.1357727,-0.113117039,0.091179684,98.19467926,-3.415166855,0.141316652,1,-0.219565243,2.737391472,1,0,0.189999998,111115,0.833559621,-6.23883E-07,296.404406,292.9063591,-0.021492237,-0.457880184,2.863433801,29.16078368,14.10758296,21.50538254,2.574511879,-4.32456E-05,1.478144217,1.096367662,-2.70285E-05,-2024.686978,-51.29062747,50.52694903,402.27851,-0.000721551
Remark=,"""20:41:45 Flow: Fixed -> 500 umol/s""
",,,,,,,,,,,,,,,,,,,,,,,,,,,,,,,,,,,,,,,,,,,,,,,,,,,,,,
63,20:46:21,35485,0,-0.608236173,0.000946215,1408.67972,0.013620118,1.382746563,23.25317383,6,1.420000017,1,2.840000033,19.75534821,23.25317383,19.12316513,400.0097046,400.7328796,15.05973625,15.07583046,63.98545837,64.05384064,500.1097412,-0.054507107,0.139515743,98.201828,-3.288183212,0.145010233,1,-0.219565243,2.737391472,1,0,0.189999998,111115,0.833516235,1.36201E-05,296.4031738,292.9053482,-0.01035635,-0.465174017,2.863220673,29.15649058,14.08066012,21.50426102,2.574335128,0.0009459,1.48047411,1.093861018,0.000591216,138.3349236,3.515258647,50.63083,401.022006,-0.000767925
64,20:56:21,36085.49998,0,-0.603956116,0.000663437,1832.309485,0.009557611,1.383903752,23.24043465,6,1.420000017,1,2.840000033,19.75198936,23.24043465,19.12339401,400.4944763,401.2144775,15.02911472,15.04040909,63.87378693,63.92178726,500.1003723,-0.075609244,0.295519918,98.20970917,-3.288183212,0.145010233,1,-0.219565243,2.737391472,1,0,0.189999998,111115,0.833500621,9.55761E-06,296.3904346,292.9019894,-0.014365756,-0.461836512,2.861017954,29.13172209,14.091313,21.49621201,2.573066918,0.000663282,1.477114202,1.095952715,0.000414565,179.9505816,4.566907694,50.54807207,401.5015694,-0.000760366
Remark=,"""20:56:45 Flow: Fixed -> 500 umol/s""
",,,,,,,,,,,,,,,,,,,,,,,,,,,,,,,,,,,,,,,,,,,,,,,,,,,,,,
65,21:06:21,36685.49999,0,-0.521007376,0.000897031,1311.403809,0.012931541,1.385086935,23.23658371,6,1.420000017,1,2.840000033,19.75027466,23.23658371,19.1238327,400.9934082,401.6121826,15.00508308,15.02036285,63.78362274,63.84857559,500.1634521,-0.165286779,0.169183895,98.21769714,-3.449438095,0.150103807,1,-0.219565243,2.737391472,1,0,0.189999998,111115,0.833605754,1.29315E-05,296.3865837,292.9002747,-0.031404488,-0.463515603,2.860352384,29.12257635,14.1022135,21.49342918,2.572628581,0.000896747,1.47526545,1.097363131,0.000560493,128.8030621,3.265348676,50.49908537,401.8598446,-0.000654716
Remark=,"""21:11:45 Flow: Fixed -> 500 umol/s""
",,,,,,,,,,,,,,,,,,,,,,,,,,,,,,,,,,,,,,,,,,,,,,,,,,,,,,
66,21:16:21,37285,0,-0.440942477,0.000602573,1550.261288,0.008708436,1.388351261,23.27052116,6,1.420000017,1,2.840000033,19.75572395,23.27052116,19.12234497,401.2709961,401.7958374,15.03663826,15.04692936,63.89600372,63.93973541,500.0865479,-0.151211232,0.085685685,98.21746826,-3.416204453,0.143913507,1,-0.219565243,2.737391472,1,0,0.189999998,111115,0.83347758,8.70844E-06,296.4205212,292.905724,-0.028730134,-0.465072616,2.866222568,29.18241142,14.13548206,21.51312256,2.575731994,0.000602445,1.477871307,1.097860687,0.00037654,152.2627389,3.858330884,50.47672227,402.0054403,-0.000553657
67,21:26:22,37885.49998,0,-0.518459177,2.5564E-06,321157.9627,3.7127E-05,1.394790526,23.3073864,6,1.420000017,1,2.840000033,19.76015472,23.3073864,19.12471771,400.3456116,400.9675598,15.04685879,15.04690266,63.9197731,63.91996002,500.1486511,-0.189909533,0.101073869,98.21427155,-3.416204453,0.143913507,1,-0.219565243,2.737391472,1,0,0.189999998,111115,0.833581085,3.7127E-08,296.4573864,292.9101547,-0.036082811,-0.46494018,2.872611109,29.24840824,14.20150558,21.53377056,2.578989362,2.5564E-06,1.477820583,1.101168779,1.59775E-06,31542.29536,800.9574711,50.34551514,401.2140105,-0.000650578
Remark=,"""21:26:46 Flow: Fixed -> 500 umol/s""
",,,,,,,,,,,,,,,,,,,,,,,,,,,,,,,,,,,,,,,,,,,,,,,,,,,,,,
68,21:36:22,38485.49999,0,-0.388923481,0.000569518,1472.52066,0.008282322,1.396967425,23.3105545,6,1.420000017,1,2.840000033,19.75968552,23.3105545,19.12346458,401.0374451,401.5000305,15.02041054,15.03019714,63.80986786,63.85144424,500.1430054,-0.152384594,0.237285256,98.21516418,-3.515813828,0.145900011,1,-0.219565243,2.737391472,1,0,0.189999998,111115,0.833571676,8.28232E-06,296.4605545,292.9096855,-0.028953073,-0.469653872,2.873160705,29.25373825,14.2235411,21.53512001,2.579202373,0.000569404,1.47619328,1.103009093,0.000355888,144.6238584,3.667548065,50.28774413,401.6849061,-0.000486901
Remark=,"""21:41:46 Flow: Fixed -> 500 umol/s""
",,,,,,,,,,,,,,,,,,,,,,,,,,,,,,,,,,,,,,,,,,,,,,,,,,,,,,
69,21:46:22,39085.5,0,-0.554928905,0.000259657,3772.038311,0.003769432,1.394477817,23.25064278,6,1.420000017,1,2.840000033,19.75408173,23.25064278,19.12277794,400.1149292,400.7788696,14.94540977,14.94986439,63.5133934,63.53232574,500.1215515,-0.114291675,0.135124594,98.21527863,-3.260808945,0.143776178,1,-0.219565243,2.737391472,1,0,0.189999998,111115,0.833535919,3.76943E-06,296.4006428,292.9040817,-0.021715418,-0.459977313,2.862782913,29.14804044,14.19817605,21.50236225,2.574035907,0.000259633,1.468305096,1.105730811,0.000162273,370.4717937,9.411769425,50.1957537,401.0426563,-0.000694566
70,21:56:22,39685.99998,0,-0.704102215,0.000582032,2305.993871,0.008434064,1.392225518,23.22245216,6,1.420000017,1,2.840000033,19.74801064,23.22245216,19.12217712,400.6348572,401.4754639,14.91264725,14.9226141,63.40050888,63.44288254,500.1502991,-0.113704145,0.050533772,98.21909332,-3.260808945,0.143776178,1,-0.219565243,2.737391472,1,0,0.189999998,111115,0.833583832,8.43406E-06,296.3724522,292.8980106,-0.021603787,-0.459461044,2.857911145,29.09730734,14.17469324,21.4852314,2.571337685,0.000581912,1.465685627,1.105652058,0.000363706,226.4926272,5.743797763,50.19907143,401.8101603,-0.000879651
Remark=,"""21:56:46 Flow: Fixed -> 500 umol/s""
",,,,,,,,,,,,,,,,,,,,,,,,,,,,,,,,,,,,,,,,,,,,,,,,,,,,,,
71,22:06:22,40285.49999,0,-0.50697703,0.000460211,2134.819283,0.006688792,1.396318304,23.25394249,6,1.420000017,1,2.840000033,19.75388908,23.25394249,19.12263489,400.8761902,401.4811401,14.9281559,14.93605995,63.44454956,63.4781456,500.1652832,-0.106083006,0.10216438,98.22103882,-3.519994736,0.148991823,1,-0.219565243,2.737391472,1,0,0.189999998,111115,0.833608805,6.68879E-06,296.4039425,292.9038891,-0.020155771,-0.46195007,2.863353629,29.15214157,14.21608162,21.50391579,2.574280722,0.000460137,1.467035324,1.107245397,0.000287592,209.6841677,5.317358823,50.14372778,401.7221327,-0.000632818
Remark=,"""22:11:47 Flow: Fixed -> 500 umol/s""
",,,,,,,,,,,,,,,,,,,,,,,,,,,,,,,,,,,,,,,,,,,,,,,,,,,,,,
72,22:16:22,40885.5,0,-0.642441638,0.000394679,2967.322549,0.005746597,1.398805008,23.27277946,6,1.420000017,1,2.840000033,19.75734901,23.27277946,19.12404633,401.0855408,401.8533936,14.93660355,14.94339371,63.46911621,63.49797058,500.1992798,-0.053335525,0.095574871,98.22457886,-3.216924667,0.143578768,1,-0.219565243,2.737391472,1,0,0.189999998,111115,0.833665466,5.7466E-06,296.4227795,292.907349,-0.01013375,-0.463391321,2.866613561,29.18427948,14.24088577,21.51506424,2.576038154,0.000394625,1.467808554,1.1082296,0.000246645,291.4640077,7.3840923,50.10957879,402.1587795,-0.000800492
73,22:26:22,41485.99998,0,-0.775039107,0.000620574,2368.373683,0.009042181,1.399832203,23.29909706,6,1.420000017,1,2.840000033,19.7589035,23.29909706,19.12455368,401.1223145,402.0477295,14.9690485,14.97973347,63.59926224,63.64466095,500.1455688,-0.025788588,0.057125185,98.22212982,-3.216924667,0.143578768,1,-0.219565243,2.737391472,1,0,0.189999998,111115,0.833575948,9.04218E-06,296.4490971,292.9089035,-0.004899832,-0.468346512,2.871173528,29.2314322,14.25169873,21.52900028,2.578236497,0.000620438,1.471341325,1.106895171,0.000387786,232.6267074,5.890777411,50.1540722,402.416146,-0.000965949
Remark=,"""22:26:47 Flow: Fixed -> 500 umol/s""
",,,,,,,,,,,,,,,,,,,,,,,,,,,,,,,,,,,,,,,,,,,,,,,,,,,,,,
74,22:36:22,42085.49999,0,-0.727848789,0.00067997,2086.222492,0.009913179,1.400648972,23.29291916,6,1.420000017,1,2.840000033,19.75773239,23.29291916,19.12432289,401.3713379,402.2396851,14.94899654,14.96071053,63.51784134,63.56761551,500.164917,-0.089676246,0.07799983,98.22084045,-3.251501083,0.150703669,1,-0.219565243,2.737391472,1,0,0.189999998,111115,0.833608195,9.91318E-06,296.4429192,292.9077324,-0.017038487,-0.468277711,2.870102533,29.22091198,14.26020145,21.52532578,2.577656702,0.000679807,1.469453562,1.10820314,0.000424894,204.9105265,5.186515824,50.10817403,402.5856695,-0.000905923
Remark=,"""22:41:47 Flow: Fixed -> 500 umol/s""
",,,,,,,,,,,,,,,,,,,,,,,,,,,,,,,,,,,,,,,,,,,,,,,,,,,,,,
75,22:46:22,42685.5,0,-0.866042213,-0.000100865,-13187.07048,-0.001473597,1.403036261,23.27976036,6,1.420000017,1,2.840000033,19.75783157,23.27976036,19.12379074,399.8793335,400.9189758,14.91734314,14.91560173,63.37272263,63.36532211,500.1525879,-0.103740543,0.161488622,98.20497131,-3.086584091,0.145368814,1,-0.219565243,2.737391472,1,0,0.189999998,111115,0.833587646,-1.4736E-06,296.4297604,292.9078316,-0.019710703,-0.460588012,2.867822501,29.20241677,14.28681504,21.51879597,2.576626655,-0.000100869,1.46478624,1.111840415,-6.30425E-05,-1295.035879,-32.89210858,49.97127879,401.3306508,-0.001078344
76,22:56:22,43285.99998,0,-0.768808354,0.000460983,3029.505875,0.0067217,1.400417462,23.26184654,6,1.420000017,1,2.840000033,19.75675011,23.26184654,19.12491226,399.8210754,400.7401123,14.904809,14.91275215,63.31494904,63.34869385,500.1636353,-0.02754763,0.128535047,98.19137573,-3.086584091,0.145368814,1,-0.219565243,2.737391472,1,0,0.189999998,111115,0.833606059,6.7217E-06,296.4118465,292.9067501,-0.00523405,-0.462470574,2.864721111,29.17487498,14.26212283,21.50929832,2.575129089,0.000460908,1.46430365,1.110825439,0.000288074,297.4713497,7.559776978,50.02126239,401.105567,-0.000958769
Remark=,"""22:56:47 Flow: Fixed -> 500 umol/s""
",,,,,,,,,,,,,,,,,,,,,,,,,,,,,,,,,,,,,,,,,,,,,,,,,,,,,,
77,23:06:22,43885.99999,0,-0.84045121,0.002503906,925.5820605,0.032335773,1.243031561,21.89631653,6,1.420000017,1,2.840000033,19.61972618,21.89631653,19.12468338,400.8588562,401.8515015,14.15695953,14.19519997,60.64730453,60.81112289,500.15271,-0.083812915,0.115348905,98.1840744,-3.117254257,0.151992083,0.666666687,-0.219565243,2.737391472,1,0,0.189999998,111115,0.83358785,3.23358E-05,295.0463165,292.7697262,-0.015924454,-0.313469611,2.63677413,26.85541567,12.6602157,20.75802135,2.459057014,0.002501701,1.39374257,1.065314444,0.001563761,90.87741789,2.303293772,51.91238065,402.2510117,-0.001084642
Remark=,"""23:11:48 Flow: Fixed -> 500 umol/s""
",,,,,,,,,,,,,,,,,,,,,,,,,,,,,,,,,,,,,,,,,,,,,,,,,,,,,,
78,23:16:22,44485.5,0,-0.816194104,0.003617402,753.9530263,0.039211296,1.046334089,19.69781685,6,1.420000017,1,2.840000033,19.40873909,19.69781685,19.13124084,401.6315308,402.5915527,12.7530508,12.79947948,55.35516357,55.55669403,500.2435303,-0.144177094,0.10765557,98.18567657,-3.394079208,0.145055056,1,-0.219565243,2.737391472,1,0,0.189999998,111115,0.833739217,3.92113E-05,292.8478168,292.5587391,-0.027393648,-0.058232535,2.303059642,23.45616715,10.65668767,19.55327797,2.282479003,0.0036128,1.256725553,1.02575345,0.002258413,74.02738799,1.872749245,53.78771822,402.9795323,-0.001089416
79,23:26:22,45085.99998,0,-0.969992617,0.002447306,1024.784912,0.024720342,0.975657732,18.70047951,6,1.420000017,1,2.840000033,19.30918121,18.70047951,19.1360054,400.5391541,401.6906738,12.07708931,12.10638046,52.74552917,52.87345505,500.2411804,-0.083812237,0.042843536,98.18310547,-3.394079208,0.145055056,1,-0.219565243,2.737391472,1,0,0.189999998,111115,0.833735301,2.47203E-05,291.8504795,292.4591812,-0.015924325,0.064932463,2.164299761,22.04350485,9.937124386,19.00483036,2.205845269,0.002445199,1.18864203,1.017203239,0.001528438,100.6165651,2.55117925,54.17678145,402.1517619,-0.001306747
Remark=,"""23:26:48 Flow: Fixed -> 500 umol/s""
",,,,,,,,,,,,,,,,,,,,,,,,,,,,,,,,,,,,,,,,,,,,,,,,,,,,,,
80,23:36:22,45685.99999,0,-0.696067313,0.001402791,1181.647503,0.013631787,0.93816944,18.60660553,6,1.420000017,1,2.840000033,19.29628944,18.60660553,19.13878632,398.8592529,399.6874695,12.34360027,12.35974598,53.94997787,54.02054214,500.3175964,-0.038096085,0.20542717,98.17800903,-3.805364609,0.134929895,1,-0.219565243,2.737391472,1,0,0.189999998,111115,0.833862661,1.36318E-05,291.7566055,292.4462894,-0.007238256,0.081236909,2.151624692,21.91554619,9.555800215,18.95144749,2.198508059,0.001402098,1.213455252,0.985052807,0.000876374,116.0117992,2.956428693,55.658784,400.0183465,-0.000968512
Remark=,"""23:41:48 Flow: Fixed -> 500 umol/s""
",,,,,,,,,,,,,,,,,,,,,,,,,,,,,,,,,,,,,,,,,,,,,,,,,,,,,,
81,23:46:22,46286,0,-0.765878947,-0.000872728,-998.367337,-0.00816209,0.901993978,18.54338646,6,1.420000017,1,2.840000033,19.28632164,18.54338646,19.13794518,399.9819946,400.9046631,12.65271854,12.64305115,55.32921219,55.28693771,500.1695862,0.008791486,0.097771049,98.16708374,-3.757604599,0.117350817,0.666666687,-0.219565243,2.737391472,1,0,0.189999998,111115,0.833615977,-8.16209E-06,291.6933865,292.4363216,0.001670382,0.099633715,2.143125439,21.83140577,9.188354625,18.91485405,2.193490843,-0.000872996,1.241131461,0.952359382,-0.000545598,-98.00680998,-2.490286168,57.16085161,401.2687253,-0.001090997
82,23:56:22,46886.49998,0,-0.796316457,-0.000431368,-2538.263084,-0.003887703,0.869093276,18.49334335,6,1.420000017,1,2.840000033,19.28479576,18.49334335,19.14008713,398.6213379,399.5782471,12.91692924,12.91232681,56.4792366,56.45911407,500.2793884,-0.078539126,0.164786562,98.14847565,-3.757604599,0.117350817,1,-0.219565243,2.737391472,1,0,0.189999998,111115,0.833798981,-3.8877E-06,291.6433434,292.4347958,-0.014922434,0.103387165,2.13641847,21.76720989,8.854883079,18.88906956,2.18996164,-0.000431433,1.267325194,0.922636446,-0.00026964,-249.1266525,-6.352355521,58.59596609,399.9567778,-0.001166649
Remark=,"""23:56:48 Flow: Fixed -> 500 umol/s""
",,,,,,,,,,,,,,,,,,,,,,,,,,,,,,,,,,,,,,,,,,,,,,,,,,,,,,
83,00:06:23,47486.49999,0,-0.118300867,-0.000132643,-1023.151584,-0.001160169,0.843583933,18.48704529,6,1.420000017,1,2.840000033,19.28248596,18.48704529,19.13997269,399.2803955,399.4228516,13.16265869,13.1612854,57.57228851,57.56628799,500.214325,-0.034579296,0.020872144,98.16607666,-4.320440292,0.116897821,1,-0.219565243,2.737391472,1,0,0.189999998,111115,0.833690542,-1.16017E-06,291.6370453,292.432486,-0.006570066,0.102557405,2.135575685,21.75472177,8.593436366,18.88476563,2.189373033,-0.000132649,1.291991752,0.897381281,-8.29054E-05,-100.4387768,-2.561574982,59.79477525,399.4790861,-0.000177075
Remark=,"""00:11:49 Flow: Fixed -> 500 umol/s""
",,,,,,,,,,,,,,,,,,,,,,,,,,,,,,,,,,,,,,,,,,,,,,,,,,,,,,
84,00:16:23,48086,0,-0.620114993,-0.001350035,-335.7170973,-0.011518836,0.822363395,18.4921875,6,1.420000017,1,2.840000033,19.28293419,18.4921875,19.14045334,398.6008606,399.3500977,13.3997612,13.38613129,58.60041809,58.54081345,500.2809448,-0.172895536,0.091177806,98.15385437,-4.00128746,0.119005442,1,-0.219565243,2.737391472,1,0,0.189999998,111115,0.833801575,-1.15188E-05,291.6421875,292.4329342,-0.032850151,0.107102779,2.136263776,21.76444104,8.378309749,18.88756084,2.189755292,-0.001350677,1.313900381,0.875854911,-0.000844115,-32.95192708,-0.840658608,60.79728795,399.6448706,-0.00094337
85,00:26:23,48686.49998,0,-0.73770807,-0.000874189,-946.7175453,-0.007314621,0.80645249,18.49134636,6,1.420000017,1,2.840000033,19.28461266,18.49134636,19.13999939,398.5795593,399.467804,13.55712986,13.54847622,59.27635956,59.23852539,500.2878723,-0.167627245,0.160391271,98.14378357,-4.00128746,0.119005442,1,-0.219565243,2.737391472,1,0,0.189999998,111115,0.833813121,-7.31462E-06,291.6413464,292.4346127,-0.031849176,0.105222746,2.136151208,21.76552737,8.217051152,18.88797951,2.189812551,-0.000874458,1.329698718,0.860113834,-0.000546512,-92.91444187,-2.369947054,61.55699358,399.818475,-0.001135793
Remark=,"""00:26:49 Flow: Fixed -> 500 umol/s""
",,,,,,,,,,,,,,,,,,,,,,,,,,,,,,,,,,,,,,,,,,,,,,,,,,,,,,
86,00:36:23,49286.49999,0,-0.649524215,-0.00052139,-1585.141877,-0.004299853,0.794886904,18.49603271,6,1.420000017,1,2.840000033,19.28521919,18.49603271,19.14208794,399.1540527,399.9351807,13.67788982,13.67280293,59.80169678,59.77945709,500.2334595,-0.057438038,0.032956727,98.14311981,-3.836675644,0.112686396,1,-0.219565243,2.737391472,1,0,0.189999998,111115,0.833722432,-4.29985E-06,291.6460327,292.4352192,-0.010913227,0.103362901,2.13677844,21.77206557,8.099262646,18.89062595,2.190174528,-0.000521486,1.341891536,0.848282992,-0.00032592,-155.5707691,-3.96349697,62.12162299,400.2439334,-0.001008123
Remark=,"""00:41:49 Flow: Fixed -> 500 umol/s""
",,,,,,,,,,,,,,,,,,,,,,,,,,,,,,,,,,,,,,,,,,,,,,,,,,,,,,
87,00:46:23,49886.5,0,-0.662044827,-0.00039326,-2280.336271,-0.003208668,0.786421549,18.50029564,6,1.420000017,1,2.840000033,19.28621292,18.50029564,19.14215279,399.8492126,400.6448364,13.76874256,13.76494694,60.19487,60.17827606,500.2341919,-0.005274963,0.223008916,98.14259338,-3.921087265,0.115948915,1,-0.219565243,2.737391472,1,0,0.189999998,111115,0.833723653,-3.20867E-06,291.6502956,292.4362129,-0.001002243,0.102489078,2.13734914,21.77799736,8.013050422,18.89325428,2.190534077,-0.000393314,1.35092759,0.839606487,-0.000245816,-223.7981154,-5.691665195,62.53484508,400.9595408,-0.001032545
88,00:56:23,50486.99998,0,-0.596175316,0.000196471,5218.723521,0.001588359,0.779283731,18.49389648,6,1.420000017,1,2.840000033,19.28524971,18.49389648,19.14174652,398.990509,399.7048035,13.8283987,13.83027744,60.45349121,60.46170044,500.2478638,-0.048646357,0.018675422,98.13315582,-3.921087265,0.115948915,1,-0.219565243,2.737391472,1,0,0.189999998,111115,0.83374644,1.58836E-06,291.6438965,292.4352497,-0.009242808,0.100556754,2.136492502,21.77136243,7.941084989,18.8895731,2.190030513,0.000196457,1.357208771,0.832821742,0.000122787,512.1298085,13.05644435,62.8666077,399.9881967,-0.000937016
Remark=,"""00:56:50 Flow: Fixed -> 500 umol/s""
",,,,,,,,,,,,,,,,,,,,,,,,,,,,,,,,,,,,,,,,,,,,,,,,,,,,,,
89,01:06:23,51086.49999,0,-0.513783968,0.001183771,1085.795855,0.009527606,0.776056474,18.5046978,6,1.420000017,1,2.840000033,19.28474808,18.5046978,19.13890839,400.0737,400.6853943,13.86680222,13.87807178,60.62252045,60.67178726,500.2168884,-0.062123939,0.006591036,98.13194275,-4.061101913,0.126880884,1,-0.219565243,2.737391472,1,0,0.189999998,111115,0.833694814,9.52761E-06,291.6546978,292.4347481,-0.011803548,0.094896129,2.13793862,21.78636803,7.908296241,18.89472294,2.190735009,0.001183277,1.361882146,0.828852863,0.000739593,106.5512567,2.709846355,63.05706247,400.9296226,-0.000808065
Remark=,"""01:11:50 Flow: Fixed -> 500 umol/s""
",,,,,,,,,,,,,,,,,,,,,,,,,,,,,,,,,,,,,,,,,,,,,,,,,,,,,,
90,01:16:23,51686.5,0,-0.62301846,-0.001189953,-436.7854615,-0.009532344,0.771752731,18.45290756,6,1.420000017,1,2.840000033,19.28052521,18.45290756,19.14103317,399.6338501,400.3856506,13.86347675,13.85220242,60.62018585,60.57088852,500.2670593,-0.073263109,0.161488622,98.12590027,-3.964483261,0.11168313,1,-0.219565243,2.737391472,1,0,0.189999998,111115,0.833778432,-9.53234E-06,291.6029076,292.4305252,-0.01391999,0.110994325,2.131012563,21.71712624,7.864923821,18.86671638,2.186906123,-0.001190452,1.359259833,0.82764629,-0.000743988,-42.85996664,-1.090911877,63.11349901,400.6818038,-0.000981349
91,01:26:23,52286.99998,0,-0.483166225,-3.5233E-06,-217622.8271,-2.82207E-05,0.771933563,18.47099876,6,1.420000017,1,2.840000033,19.2834816,18.47099876,19.14053345,399.5441589,400.1236877,13.87557411,13.87554073,60.65952682,60.65937805,500.2452087,-0.069160596,0.164784849,98.12202454,-3.964483261,0.11168313,1,-0.219565243,2.737391472,1,0,0.189999998,111115,0.833742015,-2.82207E-08,291.6209988,292.4334816,-0.013140513,0.104062315,2.133429712,21.74261815,7.867077419,18.87724018,2.188344184,-3.52331E-06,1.361496148,0.826848035,-2.20207E-06,-21353.59238,-543.8888869,63.16113774,400.3533618,-0.00076226
Remark=,"""01:26:50 Flow: Fixed -> 500 umol/s""
",,,,,,,,,,,,,,,,,,,,,,,,,,,,,,,,,,,,,,,,,,,,,,,,,,,,,,
92,01:36:23,52886.99999,0,-0.668705663,-0.00094666,-727.2833341,-0.007588678,0.772319634,18.43795204,6,1.420000017,1,2.840000033,19.28059578,18.43795204,19.14057922,399.7081604,400.5137634,13.83602047,13.82704544,60.49564362,60.45640564,500.3047485,-0.118392318,0.147206232,98.11904907,-3.937170029,0.119123697,1,-0.219565243,2.737391472,1,0,0.189999998,111115,0.833841248,-7.58868E-06,291.587952,292.4305958,-0.02249454,0.111788377,2.129016184,21.69829614,7.8712507,18.85927391,2.18588962,-0.000946976,1.35669655,0.82919307,-0.000591831,-71.36034915,-1.815876009,63.05578308,400.8316341,-0.001051957
Remark=,"""01:41:51 Flow: Fixed -> 500 umol/s""
",,,,,,,,,,,,,,,,,,,,,,,,,,,,,,,,,,,,,,,,,,,,,,,,,,,,,,
93,01:46:23,53486.5,0,-0.684474692,0.000264731,4506.26747,0.002134926,0.777141385,18.48108292,6,1.420000017,1,2.840000033,19.28454018,18.48108292,19.14088821,399.9070129,400.7269897,13.83637238,13.83889771,60.47240448,60.4834404,500.2232971,-0.072089002,0.045039862,98.10295105,-3.865240097,0.122538805,1,-0.219565243,2.737391472,1,0,0.189999998,111115,0.833705495,2.13493E-06,291.6310829,292.4345402,-0.01369691,0.101762577,2.134778089,21.76058994,7.921692231,18.88281155,2.189105838,0.000264707,1.357636704,0.831469134,0.000165444,442.078137,11.24523076,62.93988383,401.0523562,-0.001074193
94,01:56:23,54086.99998,0,-0.710071804,0.000201692,5993.154147,0.001620619,0.774334074,18.43743324,6,1.420000017,1,2.840000033,19.28173447,18.43743324,19.14263725,400.14505,400.9959106,13.80605698,13.80797386,60.35089493,60.359272,500.2619324,0.001758366,0.045042347,98.10366821,-3.865240097,0.122538805,1,-0.219565243,2.737391472,1,0,0.189999998,111115,0.833769887,1.62062E-06,291.5874332,292.4317345,0.000334089,0.107420308,2.12894696,21.70099242,7.893018555,18.85958385,2.185931944,0.000201678,1.354612886,0.831319058,0.00012605,587.9504059,14.94567398,62.97350256,401.3334448,-0.001114178
Remark=,"""01:56:51 Flow: Fixed -> 500 umol/s""
",,,,,,,,,,,,,,,,,,,,,,,,,,,,,,,,,,,,,,,,,,,,,,,,,,,,,,
95,02:06:23,54686.99999,0,-0.768057932,-0.000248773,-4511.47252,-0.002019679,0.782074037,18.46893692,6,1.420000017,1,2.840000033,19.28427315,18.46893692,19.14261818,400.3645935,401.2867432,13.77739525,13.77500629,60.20277786,60.19234085,500.2669983,-0.151803076,0.003295728,98.0819931,-3.791723251,0.120680094,1,-0.219565243,2.737391472,1,0,0.189999998,111115,0.83377833,-2.01968E-06,291.6189369,292.4342731,-0.028842584,0.105289801,2.133154109,21.74868232,7.973676027,18.87660503,2.188257368,-0.000248794,1.351080072,0.837177296,-0.000155495,-442.4942166,-11.24251573,62.67095494,401.6518411,-0.001198424
Remark=,"""02:11:51 Flow: Fixed -> 500 umol/s""
",,,,,,,,,,,,,,,,,,,,,,,,,,,,,,,,,,,,,,,,,,,,,,,,,,,,,,
96,02:16:23,55286.5,0,-0.706537482,-4.79859E-05,-23009.26569,-0.00039098,0.784824748,18.50100899,6,1.420000017,1,2.840000033,19.28677177,18.50100899,19.14129639,400.3564148,401.2041321,13.79283333,13.7923708,60.25358963,60.25156784,500.1863403,-0.039268453,0.001098546,98.07015228,-3.839635849,0.118108034,1,-0.219565243,2.737391472,1,0,0.189999998,111115,0.833643901,-3.9098E-07,291.651009,292.4367718,-0.007461006,0.100907663,2.137444652,21.79505795,8.002687155,18.89389038,2.190621102,-4.79867E-05,1.352619904,0.838001198,-2.99916E-05,-2256.52219,-57.35052023,62.61628643,401.5399862,-0.001101777
97,02:26:23,55886.99998,0,-0.711904721,-1.32002E-05,-85336.61101,-0.000107241,0.782664962,18.48082161,6,1.420000017,1,2.840000033,19.28484917,18.48082161,19.14180374,400.3353577,401.1891785,13.7854166,13.78528976,60.23519897,60.23464584,500.3024597,-0.09495268,0.107663281,98.08123016,-3.839635849,0.118108034,1,-0.219565243,2.737391472,1,0,0.189999998,111115,0.833837433,-1.07241E-07,291.6308216,292.4348492,-0.018041009,0.102965564,2.13474314,21.76505266,7.9797629,18.88283539,2.189109098,-1.32003E-05,1.352078178,0.83703092,-8.25016E-06,-8369.919786,-212.7091547,62.67314707,401.5275839,-0.001111189
Remark=,"""02:26:52 Flow: Fixed -> 500 umol/s""
",,,,,,,,,,,,,,,,,,,,,,,,,,,,,,,,,,,,,,,,,,,,,,,,,,,,,,
98,02:36:23,56486.99999,0,-0.822770639,0.002252362,977.4970355,0.018227797,0.780251373,18.4280777,6,1.420000017,1,2.840000033,19.27896118,18.4280777,19.14132309,400.5887451,401.566864,13.71740913,13.73897266,59.95611572,60.05036926,500.2158508,-0.049817495,0.170272276,98.07484436,-3.69824791,0.131807566,1,-0.219565243,2.737391472,1,0,0.189999998,111115,0.833693085,1.82278E-05,291.5780777,292.4289612,-0.009465324,0.099388679,2.127698979,21.69464548,7.955672813,18.85351944,2.185103951,0.002250578,1.347447606,0.837656345,0.001406771,95.86786962,2.434207409,62.69703541,401.9579698,-0.00128335
Remark=,"""02:41:52 Flow: Fixed -> 500 umol/s""
",,,,,,,,,,,,,,,,,,,,,,,,,,,,,,,,,,,,,,,,,,,,,,,,,,,,,,
99,02:46:23,57087,0,-0.916561458,0.002401842,1003.894407,0.019496555,0.782765066,18.41162682,6,1.420000017,1,2.840000033,19.27922249,18.41162682,19.14114571,400.9263916,402.0162964,13.66665077,13.68971443,59.73882294,59.83964157,500.2584839,-0.076780982,0.06261906,98.08393097,-3.521917343,0.136470079,1,-0.219565243,2.737391472,1,0,0.189999998,111115,0.83376414,1.94966E-05,291.5616268,292.4292225,-0.014588386,0.100794672,2.125506072,21.67027821,7.980563776,18.84542465,2.183999173,0.002399812,1.342741005,0.841258167,0.001500065,98.46590969,2.497148538,62.54162253,402.4519858,-0.00142435
100,02:56:23,57687.49998,0,-0.984082076,0.001710196,1311.92888,0.014012783,0.789917822,18.48542595,6,1.420000017,1,2.840000033,19.28454018,18.48542595,19.14196396,400.8480225,402.0216675,13.70006561,13.71664333,59.86768341,59.94012451,500.2101746,-0.061541121,0.00549282,98.08822632,-3.521917343,0.136470079,1,-0.219565243,2.737391472,1,0,0.189999998,111115,0.833683624,1.40128E-05,291.6354259,292.4345402,-0.011692813,0.094971216,2.135359037,21.76977929,8.053135952,18.88498306,2.189402766,0.001709167,1.345441216,0.843961551,0.001068322,128.6847769,3.263328785,62.36217485,402.489453,-0.001524748
Remark=,"""02:56:52 Flow: Fixed -> 500 umol/s""
",,,,,,,,,,,,,,,,,,,,,,,,,,,,,,,,,,,,,,,,,,,,,,,,,,,,,,
101,03:06:23,58286.99999,0,-0.917264915,0.000783177,2259.077977,0.006406891,0.788261499,18.46649551,6,1.420000017,1,2.840000033,19.28224182,18.46649551,19.13926697,401.022644,402.1196899,13.70282269,13.71040154,59.87660217,59.90972137,500.2645264,-0.096704133,0.183453858,98.06906891,-3.599493027,0.132388353,1,-0.219565243,2.737391472,1,0,0.189999998,111115,0.833774211,6.40689E-06,291.6164955,292.4322418,-0.018373785,0.101024282,2.132827812,21.74822129,8.037819753,18.87436867,2.187951713,0.000782961,1.344566313,0.8433854,0.00048937,221.5456738,5.617924298,62.38478161,402.5557138,-0.001421502
Remark=,"""03:11:53 Flow: Fixed -> 500 umol/s""
",,,,,,,,,,,,,,,,,,,,,,,,,,,,,,,,,,,,,,,,,,,,,,,,,,,,,,
102,03:16:23,58887,0,-0.940052623,0.000387655,4252.289925,0.003161702,0.785803159,18.45903587,6,1.420000017,1,2.840000033,19.28263855,18.45903587,19.1413517,401.1293335,402.2553711,13.72103882,13.72477913,59.95701981,59.97336197,500.2217407,-0.059783805,0.032957476,98.0728302,-3.583044052,0.128144503,1,-0.219565243,2.737391472,1,0,0.189999998,111115,0.833702901,3.1617E-06,291.6090359,292.4326385,-0.011358923,0.10382325,2.131831092,21.73722414,8.01244501,18.87083721,2.187469129,0.000387602,1.346027933,0.841441196,0.000242256,417.0341078,10.57112032,62.47927128,402.7022271,-0.001458492
103,03:26:23,59487.49998,0,-0.99544964,0.000943229,2075.383557,0.007691666,0.785833549,18.46965981,6,1.420000017,1,2.840000033,19.28518867,18.46965981,19.14075661,401.3002319,402.490509,13.72953033,13.73862934,59.98597717,60.02573395,500.2299805,-0.159422249,0.184560448,98.07508087,-3.583044052,0.128144503,1,-0.219565243,2.737391472,1,0,0.189999998,111115,0.833716634,7.69167E-06,291.6196598,292.4351887,-0.030290227,0.100179716,2.133250732,21.75120034,8.012570999,18.87742424,2.188369342,0.000942916,1.347417184,0.840952159,0.00058935,203.5434102,5.156354027,62.50959247,402.9636981,-0.001544188
Remark=,"""03:26:53 Flow: Fixed -> 500 umol/s""
",,,,,,,,,,,,,,,,,,,,,,,,,,,,,,,,,,,,,,,,,,,,,,,,,,,,,,
104,03:36:23,60087.49999,0,-1.192540299,0.001356603,1795.595897,0.011001565,0.78159407,18.46861839,6,1.420000017,1,2.840000033,19.28468704,18.46861839,19.14216614,401.3624573,402.7874146,13.76748085,13.78049374,60.15341568,60.21027374,500.2714233,-0.04454536,0.118648402,98.07467651,-3.433721542,0.130982637,1,-0.219565243,2.737391472,1,0,0.189999998,111115,0.833785706,1.10016E-05,291.6186184,292.434687,-0.008463618,0.098764651,2.133111535,21.74987072,7.969376986,18.87665272,2.188263886,0.001355956,1.351517465,0.83674642,0.00084753,176.1024868,4.457924534,62.7140714,403.3542911,-0.001854178
Remark=,"""03:41:53 Flow: Fixed -> 500 umol/s""
",,,,,,,,,,,,,,,,,,,,,,,,,,,,,,,,,,,,,,,,,,,,,,,,,,,,,,
105,03:46:24,60687,0,-0.988038256,0.000537378,3319.265085,0.00434074,0.778261231,18.44812202,6,1.420000017,1,2.840000033,19.28245163,18.44812202,19.14141083,399.8476563,401.0306396,13.78196526,13.78709984,60.2227211,60.24515533,500.2424316,-0.111950472,0.088987067,98.0708313,-3.439245224,0.126208544,1,-0.219565243,2.737391472,1,0,0.189999998,111115,0.833737386,4.34074E-06,291.598122,292.4324516,-0.021270589,0.104454493,2.130373574,21.7228053,7.935705461,18.86528683,2.186710839,0.000537277,1.352112342,0.834598497,0.000335807,325.5230862,8.276836622,62.81501467,401.5003057,-0.001545793
106,03:56:24,61287.49998,0,-1.057685053,0.000729624,2700.992808,0.00588713,0.777419303,18.4779911,6,1.420000017,1,2.840000033,19.28588104,18.4779911,19.14090157,399.8357544,401.1014099,13.82944202,13.8364048,60.41717148,60.44758987,500.2895508,-0.087913021,0.00659117,98.07065582,-3.439245224,0.126208544,1,-0.219565243,2.737391472,1,0,0.189999998,111115,0.833815918,5.88713E-06,291.6279911,292.435881,-0.016703474,0.100317126,2.134364596,21.76353954,7.927134741,18.88193607,2.188986138,0.000729436,1.356945293,0.832040845,0.000455915,264.888136,6.733939948,62.92550799,401.6041827,-0.001657238
Remark=,"""03:56:54 Flow: Fixed -> 500 umol/s""
",,,,,,,,,,,,,,,,,,,,,,,,,,,,,,,,,,,,,,,,,,,,,,,,,,,,,,
107,04:06:24,61887.49999,0,-1.161563314,0.001285766,1833.134164,0.010318537,0.773408099,18.45480537,6,1.420000017,1,2.840000033,19.28212357,18.45480537,19.13921356,400.0952759,401.4836426,13.83312321,13.84532928,60.44906235,60.50240326,500.1937561,-0.06505464,0.045038976,98.07335663,-3.217931747,0.133503199,1,-0.219565243,2.737391472,1,0,0.189999998,111115,0.83365626,1.03185E-05,291.6048054,292.4321236,-0.012360381,0.100513768,2.131266015,21.73134568,7.886016399,18.86846447,2.187144938,0.001285185,1.357857917,0.829287022,0.000803293,179.7816206,4.5659,63.07084304,402.0357941,-0.001822245
Remark=,"""04:11:54 Flow: Fixed -> 500 umol/s""
",,,,,,,,,,,,,,,,,,,,,,,,,,,,,,,,,,,,,,,,,,,,,,,,,,,,,,
108,04:16:24,62487.5,0,-1.32810428,0.000288315,7720.804541,0.002322078,0.77585937,18.44194603,6,1.420000017,1,2.840000033,19.28184128,18.44194603,19.14299583,400.6091919,402.2009583,13.80134773,13.80409431,60.30574036,60.31773758,500.2632446,-0.115462579,0.016478421,98.0643692,-3.082860947,0.125377893,1,-0.219565243,2.737391472,1,0,0.189999998,111115,0.833772074,2.32208E-06,291.591946,292.4318413,-0.02193789,0.106221326,2.129549172,21.71583001,7.911735698,18.86189365,2.18624738,0.000288285,1.353689801,0.832557579,0.000180181,757.1358271,19.19638525,62.91198265,402.8322754,-0.002074155
109,04:26:24,63087.99998,0,-1.389676843,0.000352162,6671.409916,0.002840466,0.776966587,18.45580101,6,1.420000017,1,2.840000033,19.28484917,18.45580101,19.14094162,400.9100952,402.5755005,13.80899811,13.8123579,60.32484436,60.33952332,500.2506104,-0.128361195,0.060422905,98.0594635,-3.082860947,0.125377893,1,-0.219565243,2.737391472,1,0,0.189999998,111115,0.833751017,2.84047E-06,291.605801,292.4348492,-0.024388627,0.104535095,2.131398993,21.73578068,7.923422782,18.87032509,2.187399153,0.000352118,1.354432406,0.832966748,0.000220078,654.1948771,16.57182294,62.89159039,403.2360863,-0.00216744
Remark=,"""04:26:54 Flow: Fixed -> 500 umol/s""
",,,,,,,,,,,,,,,,,,,,,,,,,,,,,,,,,,,,,,,,,,,,,,,,,,,,,,
110,04:36:24,63687.49999,0,-1.355159099,0.001951257,1502.436759,0.015634781,0.772319322,18.42818069,6,1.420000017,1,2.840000033,19.27972221,18.42818069,19.14131546,401.1761169,402.7940674,13.80321598,13.82171059,60.32079315,60.40161896,500.2111816,-0.096701868,0.143903553,98.06263733,-3.019842148,0.142562151,1,-0.219565243,2.737391472,1,0,0.189999998,111115,0.833685303,1.56348E-05,291.5781807,292.4297222,-0.018373355,0.100733764,2.127712714,21.69748614,7.875775554,18.85395145,2.185162926,0.001949918,1.355393393,0.829769533,0.001218819,147.332911,3.730036961,63.07097575,403.4382451,-0.00211857
Remark=,"""04:41:55 Flow: Fixed -> 500 umol/s""
",,,,,,,,,,,,,,,,,,,,,,,,,,,,,,,,,,,,,,,,,,,,,,,,,,,,,,
111,04:46:24,64287.5,0,-1.230367499,0.003725052,922.0778474,0.029853099,0.772980798,18.43011284,6,1.420000017,1,2.840000033,19.28262901,18.43011284,19.14106369,400.0458374,401.5071106,13.78163815,13.81694794,60.21840668,60.37269592,500.2683716,-0.158253208,0.032957882,98.06721497,-3.259923935,0.153780222,1,-0.219565243,2.737391472,1,0,0.189999998,111115,0.833780619,2.98531E-05,291.5801128,292.432629,-0.030068109,0.093227416,2.127970401,21.69910099,7.882153052,18.85637093,2.185493239,0.003720172,1.354989604,0.830503635,0.002325546,90.42560647,2.296541762,63.06693341,402.0919684,-0.001929795
112,04:56:24,64887.99998,0,-1.241884074,0.004422346,843.7924659,0.035377084,0.771751765,18.43778229,6,1.420000017,1,2.840000033,19.28536224,18.43778229,19.14062691,400.3910828,401.8635254,13.79814434,13.83998775,60.27994919,60.46274948,500.2574463,-0.153558731,0.002197114,98.06668854,-3.259923935,0.153780222,1,-0.219565243,2.737391472,1,0,0.189999998,111115,0.83376241,3.53771E-05,291.5877823,292.4353622,-0.029176159,0.089698473,2.128993533,21.70965049,7.869662738,18.86157227,2.186203488,0.00441547,1.357241769,0.828961719,0.002760286,82.74793294,2.099699058,63.15178256,402.4538576,-0.001948725
Remark=,"""04:56:55 Flow: Fixed -> 500 umol/s""
",,,,,,,,,,,,,,,,,,,,,,,,,,,,,,,,,,,,,,,,,,,,,,,,,,,,,,
113,05:06:24,65487.99999,0,-0.96979749,0.005590923,673.152009,0.044552204,0.769127394,18.40591049,6,1.420000017,1,2.840000033,19.28365326,18.40591049,19.13996887,400.8731689,402.0149841,13.77032375,13.82302666,60.16653061,60.39680481,500.1966248,-0.111943848,0.005492704,98.06948853,-3.524267197,0.166519403,1,-0.219565243,2.737391472,1,0,0.189999998,111115,0.833661041,4.45522E-05,291.5559105,292.4336533,-0.021269331,0.088809489,2.124744549,21.66570439,7.842677738,18.84478188,2.183911467,0.005579938,1.355617154,0.828294313,0.003488446,66.01567322,1.674445072,63.21990039,402.4759794,-0.001523333
Remark=,"""05:11:55 Flow: Fixed -> 500 umol/s""
",,,,,,,,,,,,,,,,,,,,,,,,,,,,,,,,,,,,,,,,,,,,,,,,,,,,,,
114,05:16:24,66087.5,0,-0.754674894,0.010640445,508.734381,0.083442801,0.758145722,18.34342003,6,1.420000017,1,2.840000033,19.28062439,18.34342003,19.13884354,399.74823,400.6133423,13.75382042,13.85252094,60.09601593,60.52727509,500.2217102,-0.156495139,0.104366831,98.0535965,-3.7833004,0.21777463,0.666666687,-0.219565243,2.737391472,1,0,0.189999998,111115,0.83370285,8.34428E-05,291.49342,292.4306244,-0.029734076,0.07579982,2.116435221,21.58447315,7.731952205,18.81202221,2.17944558,0.010600728,1.358289499,0.821156081,0.006629012,49.88323572,1.269888761,63.66813936,400.9720786,-0.001198307
115,05:26:24,66687.99998,0,-0.825592575,0.010702261,519.436656,0.083170739,0.751413428,18.28233528,6,1.420000017,1,2.840000033,19.28237534,18.28233528,19.14103127,400.4041748,401.3544617,13.73931313,13.83769894,60.03010559,60.45997238,500.1931458,-0.158834249,0.056026608,98.06015778,-3.7833004,0.21777463,1,-0.219565243,2.737391472,1,0,0.189999998,111115,0.833655243,8.31707E-05,291.4323353,292.4323753,-0.030178507,0.083960532,2.108340369,21.50047906,7.662780126,18.78235531,2.175408218,0.010662082,1.356926941,0.818481277,0.006667399,50.93604044,1.294209248,63.85511085,401.7469088,-0.001312227
Remark=,"""05:26:56 Flow: Fixed -> 500 umol/s""
",,,,,,,,,,,,,,,,,,,,,,,,,,,,,,,,,,,,,,,,,,,,,,,,,,,,,,
116,05:36:24,67287.99999,0,-0.755619926,0.01825064,463.4362948,0.138359569,0.73502829,18.19611549,6,1.420000017,1,2.840000033,19.28107643,18.19611549,19.14043999,401.2667542,402.1062622,13.72428894,13.88792229,59.97285843,60.68791199,500.2820435,-0.019341636,0.075801477,98.06597137,-3.745733261,0.276254892,1,-0.219565243,2.737391472,1,0,0.189999998,111115,0.833803406,0.00013836,291.3461155,292.4310764,-0.003674911,0.066012041,2.09696088,21.38316534,7.495243051,18.73859596,2.169464988,0.018134105,1.361932589,0.807532399,0.011344228,45.44733042,1.152521954,64.54649991,402.4654477,-0.001211846
Remark=,"""05:41:56 Flow: Fixed -> 500 umol/s""
",,,,,,,,,,,,,,,,,,,,,,,,,,,,,,,,,,,,,,,,,,,,,,,,,,,,,,
117,05:46:24,67887.5,0,-0.696278583,0.025692284,439.8390058,0.190137937,0.719448779,18.09701538,6,1.420000017,1,2.840000033,19.27993202,18.09701538,19.14177132,400.4160767,401.1596985,13.68896484,13.91384029,59.82385635,60.80661392,500.2566223,-0.062710524,0.176860899,98.06776428,-3.90262413,0.344572306,1,-0.219565243,2.737391472,1,0,0.189999998,111115,0.833761037,0.000190138,291.2470154,292.429932,-0.011914999,0.051093019,2.08394799,21.25008156,7.336241269,18.6884737,2.162675069,0.025461941,1.36449921,0.798175858,0.015934249,43.13402794,1.096418727,65.17385036,401.490676,-0.001130267
118,05:56:24,68487.99998,0,-0.540783503,0.025968092,430.3933358,0.191134436,0.715662317,18.05949593,6,1.420000017,1,2.840000033,19.28241539,18.05949593,19.14196968,401.1943359,401.7508545,13.67571068,13.90177155,59.75940704,60.74723816,500.2475586,-0.092603147,0.120839983,98.07221222,-3.90262413,0.344572306,1,-0.219565243,2.737391472,1,0,0.189999998,111115,0.833745931,0.000191134,291.2094959,292.4324154,-0.017594598,0.055597354,2.079039806,21.19907117,7.297299621,18.67095566,2.160306348,0.025732799,1.363377489,0.796928859,0.016103975,42.20962656,1.071294139,65.27981232,402.0079171,-0.000878148
Remark=,"""05:56:56 Flow: Fixed -> 500 umol/s""
",,,,,,,,,,,,,,,,,,,,,,,,,,,,,,,,,,,,,,,,,,,,,,,,,,,,,,
119,06:06:24,69087.99999,0,-0.562802882,0.019635853,437.7323449,0.224902096,1.107802591,21.47218895,6,1.420000017,1,2.840000033,19.44357872,21.47218895,19.13858795,398.7494812,399.316864,14.63641167,14.90217304,63.31891251,64.46863556,500.1868286,258.925354,325.579834,98.07176971,-4.006444931,0.401868105,1,-0.219565243,2.737391472,1,0,0.189999998,111115,0.833644714,0.000224902,294.6221889,292.5935787,49.19581664,0.204165561,2.569285074,26.19800868,11.29583563,20.45788383,2.413982982,0.019501022,1.461482483,0.952500499,0.012200181,42.92918572,1.096203001,56.28047255,399.5843935,-0.000792694
Remark=,"""06:11:56 Flow: Fixed -> 500 umol/s""
",,,,,,,,,,,,,,,,,,,,,,,,,,,,,,,,,,,,,,,,,,,,,,,,,,,,,,
120,06:16:24,69687.5,0,5.676495864,0.033953992,117.1439919,0.431248657,1.231485346,23.3294239,6,1.420000017,1,2.840000033,19.66124344,23.3294239,19.13306808,399.6184387,392.605957,16.26371765,16.77235603,69.41598511,71.58692932,500.1772766,258.8984375,325.4140015,98.07511139,-10.99799156,0.660129786,1,-0.219565243,2.737391472,1,0,0.189999998,111115,0.833628794,0.000431249,296.4794239,292.8112434,49.19070251,-0.121860727,2.876436032,29.32890915,12.55655312,21.49533367,2.57292856,0.033552847,1.644950686,0.927977873,0.021006204,11.48891005,0.298375483,56.69470509,389.9076228,0.008253936
121,06:26:24,70287.99998,0,5.648329339,0.032700313,107.3265955,0.441296708,1.306032761,24.34407616,6,1.420000017,1,2.840000033,19.80048752,24.34407616,19.12405968,398.8452454,391.861969,17.33688927,17.85682297,73.36384583,75.56402588,500.15979,258.7236633,324.915863,98.08049011,-10.99799156,0.660129786,1,-0.219565243,2.737391472,1,0,0.189999998,111115,0.83359965,0.000441297,297.4940762,292.9504875,49.15749542,-0.245274637,3.05743871,31.17275114,13.31592817,22.07228184,2.665226788,0.032328082,1.751405949,0.91382084,0.020238167,10.52664509,0.273888777,56.70839978,389.1770237,0.008230386
Remark=,"""06:26:58 Flow: Fixed -> 500 umol/s""
",,,,,,,,,,,,,,,,,,,,,,,,,,,,,,,,,,,,,,,,,,,,,,,,,,,,,,
122,06:36:24,70887.99999,0,6.491665081,0.049297731,172.7307013,0.637086036,1.258625663,23.93729591,6,1.420000017,1,2.840000033,19.78946686,23.93729591,19.12350464,400.5732422,392.4851685,16.8367672,17.58764076,71.29959869,74.47937012,500.1224365,258.3244934,323.7008362,98.08515167,-12.09656334,0.879837275,1,-0.219565243,2.737391472,1,0,0.189999998,111115,0.833537394,0.000637086,297.0872959,292.9394669,49.08165313,-0.295521715,2.983712075,30.41961014,12.83196938,21.86338139,2.631478335,0.048456604,1.725086412,0.906391923,0.030359841,16.94231704,0.44009485,57.51677184,389.3993418,0.009588604
Remark=,"""06:41:59 Flow: Fixed -> 500 umol/s""
",,,,,,,,,,,,,,,,,,,,,,,,,,,,,,,,,,,,,,,,,,,,,,,,,,,,,,
123,06:46:24,71488,0,7.288356705,0.061004713,191.2614143,0.778426984,1.248042992,23.79787636,6,1.420000017,1,2.840000033,19.79357338,23.79787636,19.12056732,401.1061401,391.9959717,16.52379036,17.44140625,69.95710754,73.84203339,500.1112976,260.3688049,327.6691284,98.08614349,-13.00580406,1.048673868,1,-0.219565243,2.737391472,1,0,0.189999998,111115,0.833518829,0.000778427,296.9478764,292.9435734,49.47007232,-0.34572509,2.958803268,30.16535428,12.72394803,21.79572487,2.620628728,0.059721856,1.710760276,0.909868452,0.037439335,18.76009452,0.487916785,57.69944529,388.531436,0.010823684
124,06:56:24,72088.49998,0,7.099940813,0.059537008,190.6650112,0.769936837,1.26439462,23.74309158,6,1.420000017,1,2.840000033,19.79147911,23.74309158,19.12233925,399.8990173,391.0200195,16.26843834,17.17626762,68.88156128,72.72536469,500.124115,260.0484009,326.882782,98.08129883,-13.00580406,1.048673868,1,-0.219565243,2.737391472,1,0,0.189999998,111115,0.833540192,0.000769937,296.8930916,292.9414791,49.40919555,-0.334965275,2.949065258,30.06755919,12.89129156,21.76728535,2.616079782,0.058314518,1.684670638,0.931409144,0.03655447,18.70067194,0.487609334,56.98995305,387.6450477,0.010438036
Remark=,"""06:57:00 Flow: Fixed -> 500 umol/s""
",,,,,,,,,,,,,,,,,,,,,,,,,,,,,,,,,,,,,,,,,,,,,,,,,,,,,,
125,07:06:24,72688.49999,0,7.187555247,0.061531011,194.1430383,0.806740561,1.282814649,23.79568672,6,1.420000017,1,2.840000033,19.79552841,23.79568672,19.12153816,399.7598572,390.7581177,16.13195038,17.08333015,68.28829193,72.3155899,500.0897217,260.0540466,327.0755005,98.08385468,-13.06909752,1.083551645,0.666666687,-0.219565243,2.737391472,1,0,0.189999998,111115,0.833482869,0.000806741,296.9456867,292.9455284,49.41026824,-0.360708094,2.958413521,30.16208459,13.07875443,21.79560757,2.620609951,0.060226161,1.675598872,0.945011079,0.037756448,19.04229756,0.496836865,56.53111656,387.3414981,0.010489982
Remark=,"""07:12:00 Flow: Fixed -> 500 umol/s""
",,,,,,,,,,,,,,,,,,,,,,,,,,,,,,,,,,,,,,,,,,,,,,,,,,,,,,
126,07:16:25,73288,0,7.127250857,0.061872657,197.9432914,0.815703889,1.290194522,23.77289772,6,1.420000017,1,2.840000033,19.79610062,23.77289772,19.12416077,400.9613953,392.0274658,16.00436974,16.9663372,67.74752045,71.81959534,500.1402283,260.0383606,326.8578491,98.08630371,-12.98297691,1.104980707,1,-0.219565243,2.737391472,1,0,0.189999998,111115,0.833567047,0.000815704,296.9228977,292.9461006,49.40728789,-0.362320805,2.954359826,30.12000365,13.15366645,21.78449917,2.618832333,0.060553431,1.664165304,0.954667029,0.037962248,19.41552579,0.504921998,56.22977823,388.6395121,0.010311966
127,07:26:25,73888.49998,0,7.165726025,0.061568648,195.9777688,0.817725303,1.299544398,23.78768539,6,1.420000017,1,2.840000033,19.7930336,23.78768539,19.12442207,400.9956665,392.0155334,15.93509674,16.89941788,67.46075439,71.54318237,500.1899414,261.8754883,329.0300293,98.07706451,-12.98297691,1.104980707,1,-0.219565243,2.737391472,1,0,0.189999998,111115,0.833649902,0.000817725,296.9376854,292.9430336,49.75634215,-0.361603223,2.956989696,30.14965538,13.2502375,21.7903595,2.619769999,0.060262217,1.657445297,0.962324701,0.037779121,19.22092427,0.499923478,55.94801673,388.6092905,0.010316484
Remark=,"""07:27:00 Flow: Fixed -> 500 umol/s""
",,,,,,,,,,,,,,,,,,,,,,,,,,,,,,,,,,,,,,,,,,,,,,,,,,,,,,
128,07:36:25,74488.49999,0,7.281696685,0.06151821,191.7408558,0.823055422,1.309321343,23.80833244,6,1.420000017,1,2.840000033,19.79522896,23.80833244,19.1233139,400.1138,390.9927673,15.8634901,16.83419228,67.16048431,71.27010345,500.1739807,261.4141541,328.4202576,98.09461975,-12.97430992,1.103254557,1,-0.219565243,2.737391472,1,0,0.189999998,111115,0.833623301,0.000823055,296.9583324,292.945229,49.66868865,-0.367904756,2.960665033,30.18172699,13.34753472,21.8017807,2.621598262,0.060213896,1.65134369,0.970254571,0.037748736,18.80874635,0.490394892,55.67167668,387.5313975,0.010460682
Remark=,"""07:42:01 Flow: Fixed -> 500 umol/s""
",,,,,,,,,,,,,,,,,,,,,,,,,,,,,,,,,,,,,,,,,,,,,,,,,,,,,,
129,07:46:25,75088.5,0,6.948729718,0.061546077,200.3437794,0.817237378,1.299351027,23.80868912,6,1.420000017,1,2.840000033,19.79603386,23.80868912,19.12122726,399.4552307,390.7358398,15.9735508,16.93737411,67.61950684,71.69957733,500.1303711,261.4436951,328.7277527,98.08943939,-12.87637901,1.10733819,1,-0.219565243,2.737391472,1,0,0.189999998,111115,0.833550618,0.000817237,296.9586891,292.9460339,49.67430144,-0.364737672,2.960728559,30.1839686,13.24659449,21.80236149,2.621691262,0.060240594,1.661377532,0.96031373,0.037765524,19.65160901,0.512734587,56.00822289,387.4327465,0.010045253
130,07:56:25,75688.99998,0,7.080697859,0.061913312,197.3492444,0.817803184,1.292606384,23.83831024,6,1.420000017,1,2.840000033,19.79904366,23.83831024,19.12164116,398.9492798,390.0716553,16.09528351,17.05968666,68.12320709,72.20503998,500.1134949,261.3818359,328.3736267,98.09101868,-12.87637901,1.10733819,1,-0.219565243,2.737391472,1,0,0.189999998,111115,0.833522491,0.000817803,296.9883102,292.9490437,49.6625482,-0.368738559,2.966008427,30.23730885,13.17762219,21.81867695,2.624304997,0.060592371,1.673402043,0.950902954,0.037986735,19.35818842,0.505930748,56.31607804,386.7058306,0.01031164
Remark=,"""07:57:00 Flow: Fixed -> 500 umol/s""
",,,,,,,,,,,,,,,,,,,,,,,,,,,,,,,,,,,,,,,,,,,,,,,,,,,,,,
Remark=,"""07:58:02 Flow: Fixed -> 500 umol/s""
",,,,,,,,,,,,,,,,,,,,,,,,,,,,,,,,,,,,,,,,,,,,,,,,,,,,,,
Remark=,"""07:58:22 Coolers: Tblock -> 26.00 C""
",,,,,,,,,,,,,,,,,,,,,,,,,,,,,,,,,,,,,,,,,,,,,,,,,,,,,,
131,08:06:25,76288.99999,0,7.034801134,0.053558974,169.7029816,0.806083024,1.46721136,24.79840279,6,1.420000017,1,2.840000033,26.2341671,24.79840279,26.16290474,398.9182129,390.1004944,16.1198616,17.07049942,46.21642303,48.94194412,500.0786438,261.3207703,328.1556396,98.09025574,-12.79483604,1.063843012,1,-0.219565243,2.737391472,1,0,0.189999998,111115,0.833464406,0.000806083,297.9484028,299.3841671,49.65094573,0.362452831,3.141661013,32.02826815,14.95776873,25.51628494,3.27887577,0.052567612,1.674449654,1.604426116,0.03294241,16.64620886,0.435023754,53.00906649,386.7564868,0.009641939
Remark=,"""08:12:01 Flow: Fixed -> 500 umol/s""
",,,,,,,,,,,,,,,,,,,,,,,,,,,,,,,,,,,,,,,,,,,,,,,,,,,,,,
132,08:16:25,76889,0,6.814203081,0.061861229,204.2614876,1.011619212,1.597315291,25.57426643,6,1.420000017,1,2.840000033,26.31705284,25.57426643,26.15988541,400.3869629,391.7360229,16.06621361,17.25897789,45.83582687,49.23870468,500.0953064,261.5120239,328.3103333,98.08622742,-12.46027184,1.312992334,1,-0.219565243,2.737391472,1,0,0.189999998,111115,0.833492177,0.001011619,298.7242664,299.4670528,49.68728392,0.161458001,3.290183321,33.54378497,16.28480708,25.94565964,3.36342374,0.060542485,1.69286803,1.67055571,0.037955365,20.03523873,0.521426358,51.24867078,388.4968772,0.008988974
133,08:26:25,77489.49998,0,6.973326956,0.060018824,195.1234094,1.000439853,1.626432132,25.68540573,6,1.420000017,1,2.840000033,26.33565903,25.68540573,26.16238213,401.1977234,392.3602295,16.01021385,17.18989944,45.61045837,48.97118759,500.0870056,260.8625793,327.8493042,98.05297852,-12.46027184,1.312992334,1,-0.219565243,2.737391472,1,0,0.189999998,111115,0.833478343,0.00100044,298.8354057,299.485659,49.56388945,0.153238105,3.311952973,33.77717865,16.58727921,26.01053238,3.376361969,0.058776674,1.685520841,1.690841128,0.036845037,19.13243147,0.497306798,50.65079872,389.0454438,0.009078749
Remark=,"""08:27:01 Flow: Fixed -> 500 umol/s""
",,,,,,,,,,,,,,,,,,,,,,,,,,,,,,,,,,,,,,,,,,,,,,,,,,,,,,
134,08:36:25,78088.99999,0,6.648694457,0.059331439,201.0847811,1.002988752,1.64896237,25.71993065,6,1.420000017,1,2.840000033,26.33777046,25.71993065,26.16030312,400.1977844,391.7492676,15.84838581,17.0312748,45.13871384,48.50777435,500.0840759,260.9837952,327.9458618,98.04191589,-12.28864098,1.306389093,1,-0.219565243,2.737391472,1,0,0.189999998,111115,0.83347346,0.001002989,298.8699306,299.4877705,49.58692046,0.147762468,3.318741181,33.85022774,16.81895294,26.02885056,3.38002321,0.05811729,1.669778811,1.710244399,0.036430473,19.7147372,0.513299699,50.05987919,388.5887967,0.008565168
Remark=,"""08:42:02 Flow: Fixed -> 500 umol/s""
",,,,,,,,,,,,,,,,,,,,,,,,,,,,,,,,,,,,,,,,,,,,,,,,,,,,,,
135,08:46:25,78689.5,0,6.648489889,0.057005787,193.94289,0.971754343,1.661622452,25.69351387,6,1.420000017,1,2.840000033,26.33568382,25.69351387,26.16234207,400.3155823,391.8817749,15.70321083,16.84948349,44.72987747,47.99498367,500.0803833,261.2588196,328.0830078,98.04001617,-12.22299767,1.284252405,1,-0.219565243,2.737391472,1,0,0.189999998,111115,0.833467306,0.000971754,298.8435139,299.4856838,49.6391751,0.167999988,3.313546085,33.79789411,16.94841062,26.01459885,3.377174432,0.055884057,1.651923634,1.725250798,0.035026613,19.01416407,0.49490153,49.56315607,388.7214012,0.008477026
136,08:56:25,79289.99998,0,6.519415268,0.056056794,194.8670881,0.969761382,1.685548177,25.76394653,6,1.420000017,1,2.840000033,26.34090614,25.76394653,26.16074944,400.635498,392.3566589,15.60428524,16.74836349,44.43047333,47.68803787,500.0634155,261.3411865,328.3814087,98.03136444,-12.22299767,1.284252405,1,-0.219565243,2.737391472,1,0,0.189999998,111115,0.833439026,0.000969761,298.9139465,299.4909061,49.65482482,0.160334678,3.327413103,33.94233184,17.19396835,26.05242634,3.384740387,0.054971745,1.641864926,1.742875461,0.034453205,19.10308653,0.496658037,49.03230968,389.2576412,0.008212093
Remark=,"""08:57:02 Flow: Fixed -> 500 umol/s""
",,,,,,,,,,,,,,,,,,,,,,,,,,,,,,,,,,,,,,,,,,,,,,,,,,,,,,
Remark=,"""09:05:30 Flow: Fixed -> 500 umol/s""
",,,,,,,,,,,,,,,,,,,,,,,,,,,,,,,,,,,,,,,,,,,,,,,,,,,,,,
137,09:05:34,79838,0,6.594654904,0.055113779,188.9574313,0.958333459,1.693530039,25.75067329,6,1.420000017,1,2.840000033,26.33675957,25.75067329,26.1594162,400.1624756,391.8000488,15.51173496,16.64236259,44.17214203,47.39178467,500.1033936,261.4746094,327.0786133,98.01889038,-11.95285606,1.258791208,1,-0.219565243,2.737391472,1,0,0.189999998,111115,0.833505656,0.000958333,298.9006733,299.4867596,49.68017516,0.167841828,3.324795954,33.91995095,17.27758835,26.04371643,3.38299699,0.054064587,1.631265915,1.751731075,0.03388309,18.52139774,0.482280265,48.73732688,388.6652657,0.008269477
Remark=,"""09:05:38 CO2 Mixer: CO2R -> 400 uml""
",,,,,,,,,,,,,,,,,,,,,,,,,,,,,,,,,,,,,,,,,,,,,,,,,,,,,,
Remark=,"""09:05:38 Coolers: Tblock -> 26.00 C""
",,,,,,,,,,,,,,,,,,,,,,,,,,,,,,,,,,,,,,,,,,,,,,,,,,,,,,
Remark=,"""09:05:38 Flow: Fixed -> 500 umol/s""
",,,,,,,,,,,,,,,,,,,,,,,,,,,,,,,,,,,,,,,,,,,,,,,,,,,,,,
